,RespondentID,Sexo,Idade,Graduacao,Graduacao_Outro,IES_Graduacao,Lato1,Lato2,Lato3,Lato4,Lato5,IES_Lato1,IES_Lato2,IES_Lato3,IES_Lato4,IES_Lato5,Destino_Profissional,Destino_Profissional_Outro,MESTRADO_IES,MESTRADO_IES_Outro,Area_Mestrado,Atuacao_Docente_Antes_Mestrado,Tempo_Entre_Graduacao_Mestrado,Regime_Dedicacao_Mestrado,Atuacao_Docente_Durante_Mestrado,Tipo_IES_Atuacao_Mestrado,Regime_Dedicacao_Docente_Mestrado,Tempo_Atuacao_Docente_Mestrado,Mestrado_Ativ_Aprendizagem_Pesq_Cientifica,Mestrado_Ativ_Aprendizagem_Sala_Aula,Mestrado_Ativ_Aprendizagem_Leitura,Mestrado_Ativ_Aprendizagem_Estagio,Mestrado_Ativ_Aprendizagem_Informais,Mestrado_Ativ_Aprendizagem_Outros,DOUTORADO_IES,DOUTORADO_IES_Outro,Area_Doutorado,Atuacao_Docente_Antes_Doutorado,Tempo_Entre_Mestrado_Doutorado,Regime_Dedicacao_Doutorado,Atuacao_Docente_Durante_Doutorado,Tipo_IES_Atuacao_Doutorado,Regime_Dedicacao_Docente_Doutorado,Tempo_Atuacao_Docente,Doutorado_Ativ_Aprendizagem_Pesq_Cientifica,Doutorado_Ativ_Aprendizagem_Sala_Aula,Doutorado_Ativ_Aprendizagem_Leitura,Doutorado_Ativ_Aprendizagem_Estagio,Doutorado_Ativ_Aprendizagem_Informais,Doutorado_Ativ_Aprendizagem_Outros,APC1,APC2,APC3,APC4,APC5,APC_OUTRO,ADSA1,ADSA2,ADSA3,ADSA4,ADSA_OUTRO,ALAT1,ALAT2,ALAT3,ALAT4,ALAT_OUTRO,AEE1,AEE2,AEE3,AEE_OUTRO,AI1,AI2,AI_OUTRO,AD1,AD2,AD3,AD4,AD_OUTRO,C1,C2,C3,C4,C5,C6,C7,C8,C9,C10,C11,C12,C13,C14,C15,C16,C17,C18,C19,C20,C21,C22,C23,C24,FAC1_1,FAC2_1,FAC3_1,FAC4_1,FAC5_1,FAC6_1,FAC7_1,Fat1,Fat2,Fat3,Fat4,Fat5,Fat6
0,1812836846,2,40,1,,1,ESTATÍSTICA,MARKETING,,,,UFU,UFU,,,,1,,3,,MARKETING,2,4,1,2,"2,0","1,0","3,0",,"2,0","3,0",,"5,0",,,,,,,,,,,,,,,,,,"1,0","2,0","5,0","4,0","1,0",,"4,0","4,0","4,0","3,0",,"4,0","4,0","4,0","4,0",,"1,0","1,0","1,0",,"4,0","3,0",,"2,0","4,0","1,0","1,0",,"4,0","4,0","3,0","4,0","4,0","4,0","4,0","4,0","4,0","5,0","5,0","4,0","4,0","5,0","4,0","4,0","3,0","4,0","4,0","3,0","4,0","4,0","4,0","3,0","-0,1277550513099957","-2,304441384630087","0,41851954290304255","-0,4181578586390954","0,00609960970571444","1,1802560063899656","-0,9986024286149449","-0,11008953678187666","-0,4765823762623572","-2,504878638594322","0,6208660010003292","1,1877222523724307","-0,7550126261199185"
1,1811173769,2,44,0,Engenharia Civil,2,Administração de RH,,,,,,,,,,1,,1,,Relações de poder e dinâmica das organizações,1,4,1,1,"1,0","3,0","5,0","1,0","2,0","3,0",,,,,,,,,,,,,,,,,,,,"3,0","3,0","5,0","5,0","2,0",,"5,0","5,0","5,0","4,0",,"4,0","4,0","5,0","5,0",,"2,0","5,0","1,0",,"5,0","5,0",,"4,0","4,0","5,0","5,0",,"5,0","5,0","5,0","4,0","4,0","5,0","5,0","5,0","4,0","5,0","4,0","4,0","4,0","4,0","5,0","5,0","4,0","5,0","5,0","4,0","4,0","3,0","3,0","2,0","0,8603132492438729","-1,4864627891260878","0,36559980953626653","3,0537693545375038","0,9202565583019711","1,0196302132474837","-0,00960623296281928","1,2268348582263557","3,4333287503292","-1,468316394945596","0,7029210307518287","0,8772827790645769","-0,4828779460586966"
2,1806566000,1,29,0,Enfermagem,2,Enfermagem do Trabalho,,,,,,,,,,2,,1,,Organização e Estratégia,1,3,1,1,"2,0","1,0","3,0","1,0","2,0","3,0",,,,,,,,,,,,,,,,,,,,"5,0","5,0","5,0","4,0","1,0",,"4,0","5,0","4,0","5,0",,"4,0","4,0","4,0","4,0",,"5,0","1,0","1,0",,"5,0","5,0",,"5,0","5,0","1,0","1,0",,"4,0","5,0","5,0","3,0","4,0","3,0","4,0","4,0","3,0","5,0","4,0","1,0","4,0","4,0","3,0","5,0","5,0","5,0","1,0","1,0","1,0","4,0","4,0","5,0","0,285949171432049","0,9648774143081997","1,7712314776151104","-0,8972912647702266","-1,4069014786061513","0,6021863748024907","-0,5913686695900073","-0,48760722134346246","-1,2124195705162966","0,5207780777051575","1,3943317410814229","1,0637238365658475","1,0582617381873751"
3,1806534973,2,36,1,,2,,,,,,,,,,,2,,1,,Administração,1,3,2,1,"2,0","1,0","2,0",,"2,0",,,,,,,,,,,,,,,,,,,,,"4,0","4,0","4,0","4,0","4,0",,"4,0","4,0","4,0","4,0",,"3,0","5,0","5,0","4,0",,"1,0","3,0","2,0",,"4,0","1,0",,"2,0","4,0","2,0","1,0",,"5,0","4,0","4,0","4,0","4,0","5,0","5,0","5,0","4,0","5,0","5,0","5,0","5,0","5,0","5,0","5,0","5,0","5,0","5,0","5,0","5,0","5,0","5,0","5,0","-0,18389282565025716","0,2344573223875275","-0,08127206766806272","-0,2518263244935022","-0,11734015446255752","0,24926214929226997","0,19968010275735576","-0,13626143387523287","-0,23155935550532333","0,4148958053710249","-0,13341059746751877","-0,1664855217665711","0,31711655111876774"
4,1804698731,1,26,1,,1,,,,,,,,,,,2,,2,,Administração,2,1,2,3,,,,"1,0","2,0","3,0",,,Programa de Docência Voluntária,,,,,,,,,,,,,,,,,"5,0","4,0","5,0","5,0","4,0",,"4,0","4,0","4,0","4,0",,"5,0","5,0","4,0","4,0",,"4,0","4,0","1,0",,"4,0","4,0",,"3,0","4,0","2,0","2,0",,"4,0","4,0","4,0","3,0","4,0","4,0","4,0","4,0","4,0","4,0","4,0","5,0","4,0","3,0","3,0","4,0","4,0","4,0","4,0","5,0","3,0","4,0","4,0","4,0","-0,9531423419404962","0,982444920128352","0,21481661458247583","0,44605601001909523","1,0556899272396816","0,9096052886728362","-0,3360873407026544","-0,4789617770014404","0,5810923671671224","1,2274202317783818","0,6368440125722138","0,7746155946431987","-1,2142559276972251"
5,1804664152,2,41,0,Análise de Sistemas,2,,,,,,,,,,,4,,1,,"Informática, Área Administrativa, Eletrotécnica",3,1,1,3,"1,0",,,"1,0","2,0","3,0",,,"Avaliação de Banners, semana interdisciplinar",,,,,,,,,,,,,,,,,"3,79","4,0","4,0","3,7551020408163267","2,75",,"4,0","3,0","4,0","3,0",,"4,0","4,0","4,0","4,0",,"3,0","2,5555555555555554","1,5204081632653061",,"3,0","2,0",,"4,0","3,0","1,5252525252525253","1,5353535353535352",,"3,0","4,0","4,0","4,0","4,0","3,0","4,0","4,0","4,0","4,0","4,0","4,0","4,0","4,0","4,0","4,0","2,0","3,0","4,0","1,0","4,0","4,0","4,0","5,0",,,,,,,,"-0,6867882360461334","-0,03697535827392066","0,4541404120196745","-0,34716320275134105","-0,01640622906539089","0,3471433140725113"
6,1803400973,1,50,0,Biblioteconomia,1,Comunicação e Tecnoligia,,,,,UNI-BH,,,,,4,,1,,Administração,1,5,1,2,"2,0","1,0","1,0","1,0","2,0","3,0",,"5,0",,,,,,,,,,,,,,,,,,"5,0","4,0","5,0","4,0","4,0",,"5,0","5,0","5,0","4,0",,"5,0","5,0","5,0","5,0",,"4,0","1,0","1,0",,"4,0","3,0",,"4,0","5,0","1,0","1,0",,"4,0","4,0","4,0","3,0","4,0","5,0","4,0","5,0","5,0","5,0","5,0","5,0","4,0","5,0","5,0","5,0","5,0","5,0","5,0","4,0","5,0","4,0","4,0","5,0","1,197063734345296","0,9693114483625908","0,7045769856988093","-0,7357195312195653","-0,2716234822071578","0,3929760618058611","-1,114371493916297","0,7298221284080516","-1,0504002443237643","0,5838156720552593","0,7665736379487499","0,7828756977469842","0,09004686105382229"
7,1799601231,2,53,1,,2,,,,,,,,,,,5,,1,,Administração,2,3,1,3,,,,"1,0","2,0","3,0",,,,,,,,,,,,,,,,,,,,"5,0","4,0","5,0","4,0","3,0",,"4,0","4,0","5,0","4,0",,"5,0","4,0","4,0","4,0",,"3,0","1,0","3,0",,"4,0","3,0",,"3,0","4,0","2,0","2,0",,"4,0","5,0","4,0","5,0","5,0","5,0","5,0","5,0","5,0","5,0","4,0","5,0","4,0","5,0","5,0","5,0","5,0","4,0","4,0","3,0","5,0","4,0","5,0","5,0","-0,24146935652145654","0,44766792940798605","0,30148787331597154","0,00131924868437552","-0,01843940130044433","0,46214730976529855","0,43227402451218994","-0,29924991933629536","0,14648829664081278","0,5596604963062878","0,4202967912893612","0,39454334960704335","0,21466631173197845"
8,1799352846,1,34,0,ENFERMAGEM,1,ADMINISTRAÇÃO HOSPITALAR,,,,,FACULDADE SÃO CAMILO,,,,,2,,1,,ADMINISTRAÇÃO,1,4,1,1,"2,0","1,0","2,0","1,0",,"3,0",,,,,,,,,,,,,,,,,,,,"3,0","4,0","4,0","4,0","3,0",,"5,0","5,0","5,0","3,0",,"5,0","5,0","5,0","5,0",,"2,0","1,0","1,0",,"5,0","4,0",,"4,0","4,0","1,0","1,0",,"4,0","4,0","4,0","3,0","4,0","3,0","3,0","4,0","3,0","4,0","4,0","4,0","4,0","5,0","4,0","3,0","5,0","5,0","4,0","2,0","4,0","4,0","4,0","4,0","1,4969702061488264","-0,6007855062171938","0,822015610543983","-0,26060653752946966","0,4856469206941041","-0,3272687092353955","-1,2852929524244847","1,3376316726177881","-0,5353797786160178","-0,9583583153962058","1,0630761810376115","-0,01363870947139484","-0,3931886138745245"
9,1798109776,1,35,3,,2,,,,,,,,,,,2,,1,,GESTÃO PESSOAS E RELAÇÕES DE TRABALHO,2,4,2,2,"2,0","2,0","1,0","1,0","2,0","3,0","4,0",,,,,,,,,,,,,,,,,,,"5,0","5,0","3,0","5,0","1,0",,"5,0","5,0","5,0","5,0",,"5,0","5,0","5,0","5,0",,"1,0","5,0","1,0",,"5,0","1,0",,"5,0","5,0","1,0","1,0",,"5,0","5,0","5,0","5,0","5,0","5,0","5,0","5,0","5,0","5,0","5,0","5,0","5,0","5,0","5,0","5,0","4,0","4,0","5,0","4,0","5,0","5,0","5,0","5,0","0,9934507740519755","-0,09761695468769689","0,38229683322864544","-1,0688443794283018","1,4150923598678151","-0,17660742735889515","0,9132260234792241","1,8645133321616585","-0,7985839873523386","0,33431283760888736","0,4429228402769115","-0,930216567825076","-0,013073661007774379"
10,1797431585,2,30,1,,2,Gestão Pública,MBA em Controladoria e Finanças,,,,FUCAMP,FUCAMP,,,,2,,3,,Administração,1,3,1,1,"2,0","1,0","2,0",,"2,0","3,0","4,0","5,0",,,,,,,,,,,,,,,,,,"4,0","3,0","5,0","5,0","1,0",,"5,0","4,0","4,0","5,0",,"5,0","4,0","4,0","5,0",,"5,0","5,0","3,0",,"4,0","1,0",,"3,0","4,0","1,0","1,0",,"4,0","4,0","4,0","5,0","5,0","4,0","4,0","5,0","5,0","5,0","4,0","5,0","4,0","4,0","5,0","5,0","4,0","5,0","5,0","4,0","5,0","5,0","5,0","4,0","-0,14552573724929768","0,04402572857591828","-0,3797265971121255","-1,3157200782859666","0,49810776530331896","1,5381618547549751","2,2294664461215903","0,5338270205877653","-0,793166958600535","0,5935261431032757","-0,41710627701208364","1,015106521229093","0,5956061055499201"
11,1796437947,1,29,0,educação Física,2,Lazer e educação,,,,,Universidade Federal de Belo Horizonte,,,,,1,,1,,Administração,1,3,1,2,"2,0","3,0","2,0","1,0","2,0","3,0","4,0",,,,,,,,,,,,,,,,,,,"4,0","4,0","4,0","3,0","3,0",,"5,0","5,0","5,0","3,0",,"4,0","4,0","4,0","4,0",,"3,0","3,0","3,0",,"4,0","4,0",,"4,0","4,0","1,0","1,0",,"4,0","3,0","4,0","4,0","3,0","4,0","4,0","3,0","5,0","5,0","5,0","5,0","4,0","4,0","4,0","5,0","4,0","4,0","5,0","5,0","5,0","4,0","4,0","3,0","0,9061554805894984","0,02922963095109617","0,4627970480634069","-0,41298298838920317","-0,3666015313068752","-1,0350575438372447","1,3148798016172032","0,6973792345185191","-0,29960572209605396","0,04575229526323425","0,2601053217936721","-1,0692119093579604","1,5013100099870424"
12,1795989999,1,42,1,,2,,,,,,,,,,,4,,1,,Mestrado Acadêmico em Administração,3,1,2,3,,,,"1,0","2,0",,,"5,0",,,,,,,,,,,,,,,,,,"4,0","4,0","4,0","4,0","4,0",,"4,0","4,0","4,0","4,0",,"3,0","4,0","4,0","4,0",,"4,0","3,0","1,0",,"4,0","1,0",,"3,0","4,0","1,0","4,0",,"5,0","4,0","5,0","4,0","4,0","3,0","3,0","4,0","4,0","3,0","4,0","3,0","4,0","4,0","3,0","4,0","4,0","4,0","4,0","2,0","5,0","4,0","4,0","4,0","-0,597044106406108","1,0200421865139768","0,16752064789261345","0,5657412612623132","-0,7160863722403482","0,11661726903388235","-0,13751550618149488","-0,9296670453593929","0,5092894930581425","0,9541486558487693","0,02904420510903291","0,10793244877314372","0,4841078443109288"
13,1794554379,2,54,2,,2,Comércio Exterior e Gestão de Negócios Internacionais,,,,,Fundação Getúlio Vargas RJ,,,,,2,,1,,Administração,1,5,1,1,"2,0","1,0","3,0","1,0","2,0","3,0",,,,,,,,,,,,,,,,,,,,"2,0","2,0","5,0","5,0","2,0",,"4,0","4,0","4,0","4,0",,"4,0","3,0","3,0","2,0",,"1,0","4,0","1,0",,"2,0","2,0",,"5,0","5,0","1,0","1,0",,"4,0","4,0","3,0","4,0","4,0","4,0","4,0","4,0","4,0","4,0","4,0","4,0","4,0","4,0","4,0","3,0","2,0","5,0","4,0","3,0","5,0","5,0","5,0","3,0","-1,430844861508487","-1,8853424512629646","0,7870153426348496","-0,6206991986750741","-0,1899503744398585","1,5568123332250952","0,9602251600038386","-1,059851387458739","-0,31387976519524985","-1,5648189985177658","0,7322387969256227","0,985249997975289","0,19930705310804614"
14,1794059604,1,32,1,,2,Psicologia do Trânsito,,,,,UEMG - Funedi,,,,,3,,1,,Psicologia,2,4,1,3,,,,,,"3,0",,"5,0",,,,,,,,,,,,,,,,,,"3,0","4,0","4,0","4,0","2,0",,"4,0","3,0","4,0","3,0",,"4,0","4,0","4,0","4,0",,"3,0","1,0","2,0",,"3,0","3,0",,"4,0","4,0","1,0","1,0",,"4,0","5,0","4,0","4,0","4,0","4,0","5,0","4,0","4,0","4,0","4,0","4,0","4,0","4,0","4,0","4,0","4,0","4,0","5,0",,"3,0","4,0","4,0","4,0","-0,5393571681018808","-0,15191422263500742","0,5160159283215556","-0,5608536429478758","-0,7073449202125279","0,2650146156935662","0,11673262161362508","-0,8397870346261563","-0,6985089036271879","-0,21539271474032046","0,3681088022631371","0,37658604031195286","0,7069464144937603"
15,1793233683,1,32,1,,2,gestão estratégica em negócios,,,,,UFMG,,,,,2,,1,,Administração,2,4,1,2,"2,0","1,0","1,0","1,0","2,0","3,0","4,0",,,,,,,,,,,,,,,,,,,"2,0","4,0","4,0","5,0","2,0",,"4,0","4,0","5,0","3,0",,"4,0","4,0","4,0","4,0",,"1,0","4,0","1,0",,"5,0","5,0",,"3,0","3,0","1,0","1,0",,"3,0","3,0","4,0","3,0","4,0","3,0","3,0","4,0","3,0","3,0","3,0","3,0","4,0","3,0","4,0","3,0","3,0","4,0","3,0","2,0","3,0","3,0","3,0","3,0","-0,4427979152013836","-1,6477530913022196","0,6186279949059119","0,2173691987727511","1,496370423341333","0,3590376616658356","-0,13656050054971586","0,22593659902658988","0,3699438603750957","-1,3670144274060079","1,188838163077932","0,04748977724523353","-1,1983621945370015"
16,1793175171,1,25,1,,2,,,,,,,,,,,5,,1,,Administração,2,1,1,2,"2,0","1,0","1,0","1,0","2,0","3,0","4,0","5,0",,,,,,,,,,,,,,,,,,"3,0","4,0","5,0","4,0","3,0",,"5,0","5,0","5,0","5,0",,"5,0","5,0","5,0","5,0",,"3,0","3,0","1,0",,"5,0","5,0",,"3,0","3,0","1,0","1,0",,"5,0","5,0","5,0","5,0","5,0","5,0","5,0","5,0","5,0","5,0","5,0","5,0","5,0","5,0","5,0","5,0","5,0","5,0","5,0","5,0","5,0","5,0","5,0","5,0","1,173470997587459","-0,4525178306237119","0,48412803062469223","-0,32874610544688154","0,9856376834343232","0,7214022475934129","-0,7858194817939413","1,3530368671869897","-0,3771445708660852","-0,5257893721882694","0,941472354539942","0,7961856169826803","-0,8446198082164809"
17,1793173565,1,26,1,,2,,,,,,,,,,,2,,1,,Administração,2,1,2,2,"2,0","1,0","1,0","1,0","2,0","3,0","4,0","5,0",,,,,,,,,,,,,,,,,,"5,0","4,0","5,0","5,0","4,0",,"4,0","4,0","4,0","4,0",,"5,0","5,0","4,0","5,0",,"4,0","5,0","3,0",,"4,0","4,0",,"4,0","5,0","2,0","3,0",,"5,0","4,0","5,0","4,0","5,0","5,0","4,0","5,0","5,0","4,0","4,0","4,0","4,0","4,0","4,0","4,0","4,0","5,0","4,0","4,0","4,0","4,0","4,0","5,0","-0,8071171164660215","0,9054119748506817","0,6157493421209078","0,5657790103481133","0,7061953447144502","0,9536323844491357","1,5076342537880405","-0,2226287425240716","0,9230472348377146","1,3766528379999377","0,6943015452418364","0,5942004192757654","0,3811548153037938"
18,1792970609,1,32,2,,2,Gestão de Negócios,Controladoria e Finanças,,,,PUC MINAS,UFMG,,,,2,,1,,Finanças,2,3,1,3,,,,"1,0",,"3,0",,,,,,,,,,,,,,,,,,,,"4,0","4,0","3,0","3,0","4,0",,"4,0","3,0","4,0","4,0",,"4,0","4,0","4,0","4,0",,"2,0","2,0","2,0",,"3,0","3,0",,"2,0","3,45","1,0","1,0",,"3,0","4,0","4,0","4,0","3,0","4,0","4,0","4,0","3,0","3,0","4,0","4,0","4,0","4,0","4,0","4,0","3,0","3,0","4,0","2,0","4,0","4,0","5,0","5,0",,,,,,,,"-0,7578954602772603","-0,46519646651994356","0,6263582904811488","0,17532774192216516","-1,07079430540132","0,04516434061041036"
19,1792792867,2,35,5,,2,Adminstraçao Estrategica em Mkt e Gesto de Pessoas,Adminstraçao Estrategica em Mkt e Gesto de Pessoas,,,,Universidade de Buenos Aires,Unilago,,,,5,,1,Administração,Administração,2,4,1,2,"2,0","2,0","1,0","1,0","2,0","3,0","4,0",,,,,,,,,,,,,,,,,,,"5,0","5,0","3,0","1,0","5,0",,"5,0","5,0","5,0","3,0",,"4,0","3,0","4,0","5,0",,"3,0","3,0","3,0",,"5,0","5,0",,"5,0","5,0","3,0","3,0",,"5,0","5,0","4,0","5,0","5,0","5,0","5,0","4,0","4,0","5,0","4,0","5,0","5,0","5,0","5,0","5,0","4,0","4,0","5,0","3,0","5,0","5,0","5,0","4,0","1,2619320293766891","1,131184741234064","1,286482051668733","1,3554155207796206","-1,0340693832736005","-2,912854916243571","1,1158015423336558","0,569753703156396","1,295045211456101","0,8253533683349007","0,7571837398979123","-2,6677516989397527","2,5384857123936997"
20,1792787827,2,60,0,Psicologia,2,Docência em Ensino Superior,,,,,Universidade Católica  de Minas Gerais,,,,,2,,1,,Psicologia,1,5,1,1,"2,0","1,0","3,0","1,0","2,0","3,0","4,0","5,0",,,,,,,,,,,,,,,,,,"4,0","4,0","5,0","5,0","3,0",,"5,0","5,0","5,0","3,0",,"4,0","4,0","5,0","5,0",,"3,0","3,0","3,0",,"5,0","2,63",,"5,0","3,0","1,0","2,0",,"4,0","3,0","3,0","5,0","4,0","4,0","4,0","4,0","3,0","4,0","4,0","5,0","5,0","4,0","4,0","5,0","5,0","5,0","5,0","2,0","5,0","4,0","4,0","4,0",,,,,,,,"1,09961650056599","0,025989648074810523","-0,16481900876264322","0,059164559861541295","0,7235064542731621","1,4655448166691945"
21,1792586612,2,36,2,,2,Administração Hoteleira,,,,,Senac Minas Gerais,,,,,2,,1,,Administração,1,4,1,1,"2,0","1,0","3,0","1,0","2,0",,,,,,,,,,,,,,,,,,,,,"2,0","3,0","4,0","4,0","2,0",,"5,0","5,0","2,0","1,0",,"3,0","3,0","4,0","5,0",,"1,0","1,0","1,0",,"3,0","1,0",,"4,0","2,0","1,0","1,0",,"3,0","4,0","2,0","3,0","4,0","4,0","4,0","4,0","4,0","4,0","4,0","4,0","4,0","5,0","4,0","3,0","1,0","2,0","4,0","1,0","4,0","4,0","3,0","2,0","1,553699222514843","-1,1898285305317735","-1,0236069083644685","-0,07738711559191197","-2,2134956895695135","0,0583578547581459","-0,3998649123872476","0,5367557897415028","-0,3866806482812183","-1,8406877733235867","-1,7133208681372922","0,6170667098412324","1,6046352556979133"
22,1792100798,2,43,1,,2,Administração em gestão empresarial e negócios,docência no ensino superior,,,,Unitri - Uberlândia,Uniaraxá,,,,2,,1,,Administração,1,5,1,1,"2,0","2,0","3,0","1,0","2,0","3,0",,"5,0",,,,,,,,,,,,,,,,,,"2,0","2,0","4,0","1,0","2,0",,"4,0","4,0","5,0","2,0",,"2,0","1,0","3,0","3,0",,"1,0","2,0","3,0",,"2,0","2,0",,"3,0","3,0","1,0","1,0",,"3,0","4,0","4,0","3,0","4,0","4,0","3,0","4,0","4,0","4,0","4,0","3,0","4,0","4,0","4,0","4,0","4,0","4,0","4,0","2,0","5,0","3,0","4,0","3,0","-0,06528881777050223","-1,724720606547132","-0,2214058877482674","-0,31681981248747015","-2,1390284959912216","-1,2460081350769836","1,86619989160741","-0,8599061107805247","-0,16667636085796034","-1,8483537437113113","-0,8089263300756301","-1,344471976311127","2,5827932991679705"
23,1792023981,1,36,1,,2,educação,,,,,CEFET-MT,,,,,2,,1,,Administração,1,3,1,3,"2,0","2,0","1,0",,"2,0",,,,,,,,,,,,,,,,,,,,,"3,79","3,613861386138614","4,316831683168317","3,7551020408163267","2,75",,"4,346534653465347","4,207920792079208","4,19","3,3838383838383836",,"4,336633663366337","4,02970297029703","3,9603960396039604","4,1020408163265305",,"2,8","2,5555555555555554","1,5204081632653061",,"3,86","2,63",,"3,1485148514851486","3,45","1,5252525252525253","1,5353535353535352",,,,,,,,,,,,,,,,,,,,,,,,,,,,,,,,,"8,720503003990639e-17","-4,116838152103625e-17","-1,4684352478789226e-16","2,810341321966771e-16","6,729904890258419e-17","-1,8746421733937096e-16"
24,1791975935,1,23,1,,2,,,,,,,,,,,2,,1,,Administração,2,1,2,3,"2,0",,,"1,0","2,0","3,0",,,,,,,,,,,,,,,,,,,,"5,0","4,0","4,0","3,0","4,0",,"5,0","5,0","4,0","2,0",,"4,0","5,0","3,0","5,0",,"3,0","1,0","1,0",,"2,0","1,0",,"4,0","4,0","1,0","1,0",,"5,0","4,0","5,0","3,0","5,0","5,0","4,0","5,0","4,0","4,0","3,0","4,0","4,0","5,0","3,0","5,0","4,0","4,0","4,0","4,0","5,0","5,0","4,0","5,0","1,3880285689502363","1,2269631269758952","-0,8412921767667226","-0,3730611627916611","-1,4574943274294425","-1,0739302897479523","-0,7399106992978304","0,4545793721025777","-0,6883189293450538","0,694415045872915","-1,2243676660363296","-0,6511565444413308","0,9979133228106891"
25,1791649275,1,53,0,Agronomia,1,Desenvolvimento Rural Integrado - Bahia/SEPLANTEC,Associativismo Rural-,,,,Salvador/Bahia,UFPE?RECIFE,,,,4,,2,,Administração e Desenvolvimento Rural,2,5,2,3,"1,0","3,0","5,0","1,0","2,0","3,0","4,0",,Pesquisa associadas a atividades de extensão,,UFRRJ/CPDA,Desenvolvimento Agricultura e Sociedade,"1,0","4,0","2,0","3,0","1,0","3,0","5,0",,"2,0","3,0",,,Apoio ao processo de contruçào da pesquisa para a tese,"2,0","4,0","5,0","5,0","3,0",Havia um grupo de pesquisa e extensão e minha participação foi ativa,"5,0","4,0","5,0","3,0",,"5,0","2,0","3,0","5,0",,"2,0","1,0","4,0",Durante dois anos acompnhei as atividades de uma associação de produtores onde os orientadores tinham atividades de pesquisa e extensão,"4,0","4,0",,"5,0","2,0","5,0","5,0",Fui representante dos mestrandos no colegiado do curso,"4,0","4,0","4,0","4,0","3,0","4,0","4,0","3,0","5,0","5,0","5,0","3,0","4,0","4,0","3,0","4,0","4,0","4,0","5,0","2,0","5,0","4,0","5,0","5,0","0,7617155171274724","-1,5065606007600445","-0,07358772858809945","3,1893916682332364","-0,6934753556635912","0,7311312597403419","1,0719554616537499","0,3070667101069556","3,5412987134399616","-1,5996269543706432","-0,06504001331636464","0,997388441555333","1,2070549256641487"
26,1790070974,2,37,1,,2,,,,,,,,,,,0,Permaneci na mesma empresa privada de quando eu ingressei no mestrado.,2,,"Organizações, mudança e gestão estratégica",3,3,1,3,,,,"1,0","2,0","3,0",,,,"2,0",,"Organizações, mudança e gestão estratégica","1,0","2,0","2,0","2,0","1,0","3,0","2,0","1,0","2,0","3,0",,,,"5,0","4,0","5,0","4,0","1,0",,"5,0","5,0","5,0","3,0",,"5,0","5,0","4,0","5,0",,"5,0","2,0","1,0",,"4,0","3,0",,"4,0","3,0","2,0","1,0",,"5,0","5,0","5,0","5,0","5,0","3,0","5,0","5,0","5,0","5,0","5,0","5,0","3,0","5,0","2,0","2,0","3,0","3,0","5,0","5,0","5,0","3,0","3,0","5,0","1,3796311809596897","0,6485810761511894","-0,6143198323064905","-0,1808192811874773","0,06896908987421513","0,09780656175024852","-0,5416676665162325","1,1399321487194263","-0,1969430516776841","0,3775813883863197","-0,5097509123960579","0,4983204554384569","-0,2475095632169665"
27,1789310599,1,34,1,,1,,,,,,UFLA,,,,,1,,2,,Administração,3,1,2,3,,,,"1,0",,,,,,"2,0",,,,,,,,,,"1,0","2,0","3,0",,,,"5,0","4,0","5,0","5,0","1,0",,"5,0","4,0","4,0","2,0",,"5,0","4,0","4,0","4,0",,"4,0","3,0","1,0",,"1,0","1,0",,"1,0","1,0","3,0","4,0",,"4,0","4,0","5,0","4,0","4,0","4,0","3,0","4,0","5,0","5,0","5,0","4,0","4,0","4,0","3,0","3,0","3,0","3,0","3,0","3,0","3,0","4,0","3,0","3,0","0,24497813308945046","0,5681850943880025","-3,4970254594486616","1,719202610542263","0,66673915106671","0,9273901892815578","-0,12929750883863766","0,4626308873544596","2,129461091239593","0,7553508533370499","-3,044300641191555","0,9592134290820385","-1,4730801488904228"
28,1788301138,1,29,1,,1,,,,,,,,,,,1,,2,,Administração,3,1,2,2,"2,0","2,0","2,0","1,0",,"3,0",,"5,0",,"2,0",,,"1,0","1,0","1,0","2,0","1,0",,"2,0","1,0","2,0","3,0",,"5,0",Docência voluntária,"5,0","4,0","5,0","5,0","3,0",,"5,0","5,0","4,0","3,0",,"5,0","5,0","5,0","4,1020408163265305",,"4,0","4,0","1,0",,"5,0","2,0",,"3,0","1,0","1,0","1,0",,"5,0","5,0","5,0","5,0","5,0","5,0","4,0","5,0","5,0","5,0","5,0","5,0","4,0","4,0","4,0","4,0","4,0","4,0","5,0","3,0","5,0","4,0","4,0","5,0",,,,,,,,"1,1712312290226405","-0,16109780295046067","0,9312472859549805","-0,9832471250334313","0,6082088977906356","-1,0517431824758339"
29,1788251998,2,38,1,,1,,,,,,ufv,,,,,1,,2,,Administração,2,1,1,2,"1,0","3,0","4,0","1,0","2,0",,,,,"2,0",,Administração,"1,0","4,0","2,0","3,0","1,0","3,0","4,0","1,0","2,0","3,0",,,,"4,0","4,0","5,0","3,0","3,0",,"4,0","4,0","1,0","2,0",,"2,0","2,0","2,0","2,0",,"2,0","2,0","1,0",,"1,0","1,0",,"2,0","2,0","3,0","3,0",,"3,0","4,0","3,0","3,0","5,0","3,0","2,0","5,0","3,0","4,0","4,0","3,0","3,0","4,0","2,0","3,0","3,0","4,0","3,0","5,0","3,0","2,0","3,0","3,0","-0,975574520848117","0,6744515406294466","-1,9966678677533605","1,5469342579226526","-3,1313794529853993","0,18627667475620643","0,09622207425559463","-2,1895340915735733","1,5265239670580335","0,3064933777822469","-2,824968533713391","0,47752821824599606","1,509339004217627"
30,1788222229,2,38,1,,1,,,,,,,,,,,1,,2,,Cadeias Produtivas,2,2,2,2,"1,0","3,0","4,0","1,0",,"3,0",,,,"2,0",,Cadeias Produtivas,"1,0","3,0","2,0","2,0","1,0","3,0","4,0","1,0","2,0","3,0",,,,"4,0","3,0","5,0","3,0","1,0",,"4,0","2,0","3,0","1,0",,"4,0","3,0","3,0","3,0",,"3,0","2,0","1,0",,"3,0","2,0",,"2,0","1,0","1,0","1,0",,"4,0","4,0","4,0","4,0","3,0","4,0","4,0","4,0","4,0","4,0","4,0","4,0","4,0","4,0","4,0","4,0","4,0","4,0","4,0","2,0","4,0","4,0","4,0","3,0","-1,3550319988704","-0,0802070656888881","-1,850934622310137","-0,14389806853406778","-0,2376898190259101","0,06315022834696474","0,1677620514013407","-1,2925829950840266","0,009361083294418981","0,005543406451060819","-1,8423309921132882","0,21158603657768293","-0,6077177872063366"
31,1788021351,1,32,1,,1,Administração,,,,,UFLA,,,,,1,,2,,Administração,1,3,2,3,"1,0","3,0","2,0","1,0","2,0","3,0",,,,"2,0",,Administração,"1,0","2,0","1,0","2,0","1,0","3,0","2,0","1,0","2,0","3,0",,,,"5,0","5,0","5,0","4,0","3,0",,"5,0","5,0","5,0","2,0",,"5,0","5,0","5,0","5,0",,"5,0","3,0","1,0",,"5,0","1,0",,"3,0","3,0","1,0","1,0",,"4,0","4,0","4,0","4,0","4,0","4,0","3,0","4,0","4,0","4,0","4,0","4,0","3,0","4,0","4,0","4,0","4,0","4,0","4,0","4,0","4,0","4,0","4,0","4,0","1,1981378570143375","1,4626378204857764","-0,9628680660483435","-0,4795402643016956","0,5589696443850923","-0,11916495747078076","-0,48766525662121674","1,1993983156154804","-0,5770443464270643","1,3360443335901515","-0,8071961235772387","0,2542922783564629","-0,45189699598782834"
32,1786416985,1,59,0,Psicologia,2,Administração de Recursos Humanos,Psicologia Clínica,Psicologia Organizacional e Trabalho,,,Una,Título fornecido pelo Conselho Federal de Psicologia,Título fornecido pelo Conselho Federal de Psicologia,,,1,,1,,Administração,1,5,1,2,"1,0","2,0","5,0","1,0",,"3,0",,,,,,,,,,,,,,,,,,,,"4,0","4,0","4,0","4,0","2,0",,"3,0","3,0","4,0","3,3838383838383836",,"4,0","4,0","4,0","3,0",,"3,0","2,0","3,0",,"4,0","3,0",,"3,0","4,0","1,0","1,0",,"4,0","4,0","3,0","4,0","4,0","4,0","3,0","4,0","3,0","4,0","3,0","4,0","3,0","4,0","4,0","4,0","2,0","3,0","4,0","2,0","4,0","3,0","4,0","3,0",,,,,,,,"-1,4940214114144472","-0,6323149815578948","0,5935970759445532","0,7039131249693283","-0,129096583305847","0,4362849806558679"
33,1782595049,2,46,2,,2,administraçao e gerencia,gestao de projetos,,,,fundacao joao pinheiro BH;MG,IETEC BH;MG,,,,3,,1,,mestrado em administraçao,2,5,1,2,"2,0","1,0","1,0","1,0","2,0","3,0","4,0",,,,,,,,,,,,,,,,,,,"3,0","3,0","5,0","4,0","2,0",,"5,0","5,0","5,0","4,0",,"4,0","4,0","4,0","4,0",,"3,0","3,0","2,0",,"4,0","3,0",,"3,0","5,0","2,0","2,0",,"5,0","4,0","4,0","4,0","5,0","4,0","4,0","4,0","4,0","5,0","4,0","4,0","3,0","4,0","4,0","3,0","2,0","3,0","5,0","3,0","4,0","4,0","3,0","4,0","0,5923607633631016","-0,8349451688513095","0,4795358224723961","0,11893512179905971","-0,13060784888724747","0,5948752511874895","0,4469311961239664","0,5483036689397981","0,30256472639648935","-0,8653403320695161","0,4982246012361437","0,46359134990070466","0,4593620780030235"
34,1781050686,1,49,1,,2,Gestão estratégicas em Gestão de Pessoas,,,,,Face - UFMG,,,,,3,,1,,Administração,2,3,1,3,,,,"1,0","2,0",,,,,,,,,,,,,,,,,,,,,"4,0","5,0","5,0","5,0","4,0",,"4,0","4,0","3,0","5,0",,"5,0","5,0","4,0","4,0",,"5,0","1,0","1,0",,"5,0","1,0",,"3,0","5,0","1,0","1,0",,"3,0","4,0","5,0","5,0","5,0","5,0","3,0","5,0","5,0","3,0","4,0","3,0","2,0","3,0","3,0","3,0","3,0","2,0","4,0","4,0","4,0","2,0","2,0","5,0","-0,7614196369322211","1,682839956382414","0,9502576285754354","-1,0458384692350562","-0,5079058634486117","1,3563581742923632","-1,2832694218786262","-1,0517263705658797","-1,3846946103088906","1,4919698488167403","0,8847359690401816","1,6068153810415247","-0,34902869176510926"
35,1780744060,1,48,5,,2,Comunicação social,,,,,UNI- BH,,,,,2,,1,,Poder,1,5,1,1,,"3,0","5,0",,"2,0","3,0",,"5,0",,,,,,,,,,,,,,,,,,"4,0","2,0","4,0","4,0","1,0",,"5,0","5,0","5,0","4,0",,"5,0","5,0","5,0","5,0",,"2,0","5,0","5,0",,"5,0","2,0",,"5,0","4,0","1,0","1,0",,"4,0","4,0","2,0","4,0","5,0","4,0","5,0","5,0","5,0","4,0","5,0","5,0","5,0","5,0","5,0","4,0","5,0","5,0",,"2,0","5,0","5,0","5,0","5,0","1,1036913230720184","-1,2576294559946342","0,3831091168933865","-1,3332597240876105","0,9259493978871197","-0,09105549042945056","3,682108306676235","2,0397715894317576","-0,6003396479018013","-0,5640509374291265","0,1591495278147977","-0,9285884022947138","1,8573113168890116"
36,1780463809,1,33,5,,2,Marketing,,,,,Fead,,,,,3,,1,,Administração,2,2,1,3,"2,0",,,"1,0","2,0","3,0",,,,,,,,,,,,,,,,,,,,"3,0","4,0","4,0","4,0","3,0",,"4,0","3,0","4,0","3,0",,"3,0","3,0","3,0","3,0",,"2,0","1,0","1,0",,"2,0","1,0",,"1,0","1,0","1,0","1,0",,"3,0","3,0","3,0","2,0","2,0","3,0","4,0","4,0","3,0","3,0","3,0","3,0","3,0","3,0","3,0","3,0","4,0","1,0","2,0","1,0","4,0","4,0","2,0","2,0","-0,8541934350604122","-0,10658951170674415","-1,5893058191912743","-0,0519426933139292","-0,6659344870674759","0,23766887051787272","-0,6344164591162883","-1,2803516803120383","-0,10136323300848399","-0,11338087444116499","-1,3852763364476204","0,23425957778442982","-0,5588523764531603"
37,1780425098,1,56,1,,2,,,,,,,,,,,1,,1,,Administração,1,5,1,1,"2,0","2,0","3,0","1,0","2,0","3,0",,,,,,,,,,,,,,,,,,,,"3,79","3,613861386138614","4,316831683168317","3,7551020408163267","2,75",,"4,346534653465347","4,207920792079208","4,19","3,3838383838383836",,"4,336633663366337","4,02970297029703","3,9603960396039604","4,1020408163265305",,"2,8","2,5555555555555554","1,5204081632653061",,"3,86","2,63",,"3,1485148514851486","3,45","1,5252525252525253","1,5353535353535352",,,,,,,,,,,,,,,,,,,,,,,,,,,,,,,,,"8,720503003990639e-17","-4,116838152103625e-17","-1,4684352478789226e-16","2,810341321966771e-16","6,729904890258419e-17","-1,8746421733937096e-16"
38,1780167153,2,59,1,,2,,,,,,,,,,,2,,1,,organização e estratégia,1,1,2,1,"2,0","1,0","2,0","1,0","2,0","3,0",,"5,0",,,,,,,,,,,,,,,,,,"3,0","4,0","5,0","4,0","4,0",,"5,0","5,0","5,0","3,0",,"5,0","3,0","5,0","5,0",,"2,0","2,0","2,0",,"3,0","3,0",,"3,0","3,0","1,0","1,0",,"4,0","5,0","4,0","3,0","5,0","5,0","4,0","5,0","5,0","5,0","5,0","4,0","4,0","4,0","4,0","4,0","5,0","5,0","4,0","4,0","4,0","4,0","4,0","4,0","1,204084021590784","-0,5690140551410885","-0,38474924746261197","-0,197447480453941","-0,06218551107671268","0,6228667527031744","-0,00504772492781693","0,9738937930869346","-0,2604293560462869","-0,6866367724347444","-0,212412513768576","0,8199016771336801","0,28323185751499774"
39,1780104389,2,47,1,,2,,,,,,,,,,,2,,1,,Finanças,1,1,1,1,"2,0","2,0","3,0","1,0","2,0","3,0","4,0","5,0",,,,,,,,,,,,,,,,,,"5,0","5,0","4,0","4,0","4,0",,"5,0","5,0","4,0","4,0",,"4,0","5,0","5,0","5,0",,"4,0","5,0","4,0",,"5,0","4,0",,"5,0","5,0","4,0","5,0",,"5,0","5,0","5,0","4,0","5,0","5,0","4,0","5,0","5,0","5,0","5,0","4,0","4,0","5,0","4,0","5,0","5,0","5,0","4,0","4,0","4,0","5,0","5,0","5,0","0,8127554404546724","1,2201278552342194","0,7314693656523519","2,0869493952435443","-0,3364093566485459","-0,5090126455758793","2,1529238902132555","0,7922792220011147","2,428592562754813","1,4182210948336171","0,28503721297984536","-0,6753523750900483","2,2616967959380494"
40,1779768417,1,55,0,Serviço Social,2,Politicas Públicas,Sociologia,Serviço Social judicial,,,Pucminas,Pucminas,Pucminas,,,2,,1,,Serviço Social,1,5,1,1,"2,0",,"5,0","1,0","2,0",,,,,,,,,,,,,,,,,,,,,"5,0","4,0","5,0","5,0","5,0",,"4,0","4,0","4,0","4,0",,"5,0","4,0","4,0","4,0",,"3,0","4,0","3,0",,"5,0","4,0",,"4,0","4,0","1,0","1,0",,"4,0","4,0","4,0","4,0","4,0","4,0","4,0","5,0","4,0","5,0","5,0","4,0","4,0","5,0",,"5,0","4,0","5,0","5,0","4,0","4,0","4,0","4,0","4,0","-0,9996618670314714","0,6621501096749873","0,9976724993508096","-0,4641815680080925","0,6127621409041429","0,762469615178141","1,3546236373900162","-0,5092903057904477","-0,21945428090883312","1,1168727535265106","1,1107561809157869","0,4495535705656635","0,3040387118184657"
41,1779694086,1,40,1,,2,GESTÃO DE MARKETING,,,,,FACED,,,,,2,,1,,ADMINISTRAÇÃO,1,5,1,1,"2,0","1,0","3,0",,"2,0","3,0","4,0",,,,,,,,,,,,,,,,,,,"5,0","3,0","4,0","4,0","3,0",,"4,0","4,0","3,0","3,0",,"4,0","4,0","4,0","4,0",,"3,0","4,0","2,0",,"3,0","2,0",,"2,0","3,0","1,0","1,0",,"4,0","4,0","4,0","4,0","4,0","3,0","4,0","4,0","5,0","5,0","5,0","3,0","4,0","4,0","3,0","3,0","4,0","4,0","3,0","2,0","5,0","5,0","5,0","3,0","-0,7512954964638022","0,5847145293628883","-0,8686647714157585","-0,5515163490807276","0,11410980202417091","0,06738502851722974","0,9823408663330191","-0,445588785829581","-0,306819997022752","0,9028815289126448","-0,9028556721220782","-0,2604337760382193","0,09546475875154001"
42,1779544107,2,35,1,,2,Administração de Sistemas de Informação,,,,,Universidade Federal de Lavras,,,,,2,,1,,Mestrado Acadêmico em Administração,1,3,1,1,"2,0","3,0","3,0","1,0","2,0","3,0",,,Participação em Seminários e Palestras,,,,,,,,,,,,,,,,,"3,0","3,0","4,0","5,0","3,0",,"4,0","4,0","4,0","4,0",,"4,0","3,0","4,0","4,0",,"4,0","2,5555555555555554","1,5204081632653061",,"4,0","3,0",,"3,0","4,0","1,0","1,0",,"4,0","4,0","4,0","4,0","4,0","4,0","4,0","4,0","4,0","4,0","4,0","4,0","4,0","4,0","4,0","5,0","5,0","5,0","5,0","4,0","4,0","5,0","5,0","5,0",,,,,,,,"-0,8980561023388488","-0,5329416875595892","-0,2332834075583998","1,0355092240769852","0,7534135091248231","-0,010122087017443548"
43,1779536087,1,48,0,ciencias biológicas,2,administração hospitalar,,,,,Faculdade São Camilo,,,,,2,,1,,ADMINISTRAÇÃO,1,4,1,1,"2,0","1,0","3,0","1,0","2,0","3,0","4,0","5,0",,,,,,,,,,,,,,,,,,"5,0","5,0","5,0","5,0","5,0",,"5,0","5,0","4,0","5,0",,"4,0","4,0","5,0","5,0",,"5,0","5,0","5,0",,"5,0","5,0",,"5,0","5,0","2,0","3,0",,"5,0","5,0","5,0","5,0","5,0","5,0","5,0","5,0","5,0","5,0","5,0","5,0","5,0","5,0","5,0","5,0","5,0","5,0","5,0","3,0","5,0","5,0","5,0","5,0","0,3759250731347524","1,3065101019549477","1,4707010720180176","0,41244305939412296","-0,779961361221085","0,8088235646956619","3,009889050999279","0,26202307647431083","0,7153109092159912","1,6558766956039557","0,9950207512939042","0,6463575117560896","2,9454801058307503"
44,1779530362,2,41,2,,2,PERICIA CONTÁBIL,,,,,NEWTON PAIVA,,,,,3,,1,,ADMINISTRAÇÃO,1,3,1,1,"2,0","1,0","3,0",,"2,0",,,,,,,,,,,,,,,,,,,,,"5,0","4,0","5,0","5,0","4,0",,"4,0","5,0","4,0","3,0",,"4,0","5,0","4,0","4,0",,"4,0","4,0","4,0",,"4,0","4,0",,"4,0","5,0","4,0","4,0",,"4,0","5,0","5,0","4,0","5,0","5,0","4,0","5,0","4,0","5,0","4,0","3,0","4,0","4,0","4,0","4,0","5,0","5,0","3,0","4,0","4,0","4,0","4,0","5,0","-0,3314250606364356","0,8763295589420529","0,5365235469020382","1,8734091247643412","-0,3130151978634369","0,4659273554392795","1,653919653074132","-0,32399250717496997","2,2492461370232872","1,11820082049228","0,3396334564038065","0,31731265377969664","1,3159127719695192"
45,1766043574,1,23,1,,1,,,,,,,,,,,1,,2,,"Estratégia, Marketing e Inovação",2,1,2,2,"1,0","1,0","1,0","1,0","2,0","3,0","4,0","5,0",,,,,,,,,,,,,,,,,,"4,0","4,0","4,0","4,0","5,0",,"5,0","5,0","5,0","4,0",,"4,0","5,0","4,0","5,0",,"3,0","4,0","1,0",,"5,0","5,0",,"3,0","4,0","5,0","5,0",,"4,0","4,0","4,0","4,0","4,0","3,0","3,0","4,0","5,0","5,0","4,0","5,0","4,0","5,0","5,0","5,0","4,0","4,0","5,0","3,0","5,0","4,0","4,0","5,0","0,7764409849082958","0,32804985245068913","0,35559990358124977","3,3267102812871703","0,7796732537963297","-0,6144072150739244","-0,9623165255405903","0,7392323485142945","3,451328326162451","0,1560773961539676","0,7716209045959724","-0,5531438126884262","-0,7214031429399894"
46,1758936883,2,35,1,,2,,,,,,,,,,,2,,2,,Estatistica e Experimentação Agropecuária,2,3,2,3,"2,0","2,0","2,0",,"2,0","3,0",,,,,,,,,,,,,,,,,,,,"2,0","3,0","5,0","3,0","1,0",,"4,0","3,0","4,19","1,0",,"4,0","2,0","4,0","4,0",,"3,0","1,0","1,0",,"3,0","1,0",,"3,0","4,0","1,0","1,0",,"3,0","3,0","2,0","3,0","4,0","4,0","3,0","4,0","2,0","4,0","2,0","2,0","2,0","3,0","3,0","4,0","2,0","3,0","2,0","4,0","3,0","3,0","4,0","3,0",,,,,,,,"-0,940211541807851","-0,628425688122864","-1,254317550935326","-0,513736568561156","0,8441232885429029","0,42119605307299884"
47,1758838277,2,34,1,,1,Sim. Saude,,,,,Ufla,,,,,0,Doutorado,2,,Educação Física,1,4,2,2,"1,0","2,0","2,0","1,0","2,0","3,0","4,0",,,,,,,,,,,,,,,,,,,"4,0","4,0","5,0","4,0","5,0",,"4,0","4,0","5,0","2,0",,"5,0","4,0","4,0","4,0",,"5,0","5,0","1,0",,"5,0","5,0",,"3,0","5,0","1,0","4,0",,"4,0","4,0","5,0","5,0","5,0","5,0","4,0","5,0","4,0","4,0","4,0","4,0","3,0","5,0","3,0","4,0","3,0","5,0","4,0","5,0","5,0","4,0","5,0","5,0","-1,245120547146724","0,8372859297278109","0,8592989102294519","1,29633904760006","1,4656302174400306","-0,08946380892962955","-0,10930872903560587","-0,6674728169544123","1,4197161491274406","1,030407422378211","1,373527712582689","-0,0028302607602622293","-1,1011475711216347"
48,1758801314,1,27,1,,1,Administração com ênfase em Finanças,,,,,Fundação Getúlio Vargas,,,,,3,,2,,Administração,2,3,2,2,"1,0","2,0","1,0","1,0","2,0","3,0",,"5,0",,,,,,,,,,,,,,,,,,"5,0","5,0","4,0","3,0","5,0",,"5,0","5,0","5,0","3,0",,"5,0","5,0","4,0","5,0",,"3,0","3,0","1,0",,"5,0","3,0",,"4,0","4,0","1,0","1,0",,"4,0","4,0","3,0","4,0","4,0","3,0","3,0","4,0","4,0","5,0","5,0","5,0","3,0","4,0","4,0","4,0","1,0","2,0","5,0","5,0","3,0","3,0","3,0","4,0","1,1075408064438186","1,2620318094391858","0,28387695379490574","-0,19717215994987142","0,48457928560941055","-1,3256280955308015","-0,5779064629510297","1,0215337083416953","-0,37117070911458466","1,0846528501897827","0,3861713421779808","-1,1425407400161762","-0,06517294489508083"
49,1756644061,1,28,1,,1,,,,,,,,,,,4,,3,,Finanças,2,2,1,3,,,,"1,0","2,0","3,0",,"5,0",,,,,,,,,,,,,,,,,,"4,0","2,0","5,0","4,0","2,0",,"5,0","5,0","5,0","5,0",,"5,0","5,0","5,0","5,0",,"2,0","2,0","2,0",,"5,0","5,0",,"2,0","5,0","1,0","1,0",,"5,0","5,0","4,0","4,0","5,0","5,0","4,0","5,0","5,0","5,0","5,0","5,0","5,0","5,0","5,0","5,0","4,0","5,0","5,0","4,0","5,0","5,0","4,0","4,0","0,9819552587864345","-1,1860502921040346","0,9600882387844091","-0,8296999495983918","0,9841857190507914","0,8173941223813141","-0,231718962726425","1,3435385503875057","-0,6839877431542553","-1,1767705690005072","1,3639451602949373","0,5778892766190606","-0,6312292005477957"
50,1754537861,2,40,0,Administração de Cooperativas,1,,,,,,,,,,,1,,3,O mestrado foi realizado na UFBA,Administração,2,1,1,2,"1,0","3,0","3,0","1,0","2,0","3,0",,,,"2,0",,Administração,"1,0","3,0","1,0","1,0","1,0","3,0","3,0","1,0","2,0","3,0",,,,"4,0","5,0","3,0","3,0","3,0",,"5,0","5,0","5,0","4,0",,"4,0","4,0","4,0","4,0",,"4,0","2,0","2,0",,"4,0","4,0",,"4,0","4,0","1,0","1,0",,"4,0","5,0","5,0","4,0","5,0","5,0","5,0","5,0","5,0","5,0","5,0","4,0","4,0","4,0","4,0","4,0","4,0","4,0","4,0","4,0","4,0","3,0","5,0","5,0","0,9724661524618009","0,7326672452198272","0,7898035432946525","-0,46579158386270986","-0,5513081164611718","-1,495051779538404","0,2104787079704531","0,4458244130278167","-0,6153179571153736","0,5303434097509613","0,6444706466863632","-1,3332886907315236","1,1701337710667339"
51,1753980613,2,28,0,Enfermagem,2,Metodologia do Ensino Superior,Fisiopatologia Clínica,,,,UNILAVRAS,PUC-Minas,,,,2,,2,,Administração Hospitalar,1,3,1,1,"2,0","3,0","3,0","1,0","2,0","3,0",,,,,,,,,,,,,,,,,,,,"4,0","3,0","4,0","3,0","3,0",,"5,0","5,0","4,0","4,0",,"5,0","4,0","4,0","5,0",,"4,0","1,0","2,0",,"5,0","5,0",,"4,0","5,0","1,0","1,0",,"5,0","4,0","5,0","4,0","5,0","5,0","5,0","5,0","5,0","5,0","5,0","4,0","4,0","4,0","4,0","4,0","3,0","4,0","4,0","5,0","4,0","4,0","4,0","4,0","0,9806226663133836","0,08456169508605123","1,535752280108057","-0,6768497348222517","-0,568747144999214","-0,6666585297985858","-0,2920470650672955","0,5146023732948469","-0,8687283312132492","-0,33304171088179924","1,3660840727041401","-0,30754834307373086","0,8646902125145057"
52,1753658657,1,27,1,,2,Gestão de Pessoas,,,,,PUC Minas,,,,,2,,2,,Administração,1,3,2,2,"2,0","1,0","2,0","1,0","2,0","3,0","4,0",,,,,,,,,,,,,,,,,,,"4,0","4,0","5,0","4,0","2,0",,"4,0","4,0","4,0","2,0",,"5,0","4,0","3,0","4,0",,"2,0","3,0","1,0",,"3,86","2,0",,"4,0","2,0","1,0","1,0",,"5,0","4,0","4,0","4,0","5,0","4,0","5,0","5,0","5,0","4,0","4,0","4,0","4,0","4,0","4,0","3,0","5,0","5,0","4,0","4,0","3,0","3,0","3,0","5,0",,,,,,,,"0,06656275865359125","-0,02114656885619337","-0,062292039226121726","-0,8314924640265774","0,19467360480966378","-0,597460754539759"
53,1753547593,1,23,1,,1,,,,,,,,,,,4,,2,,Administração,3,1,2,3,,,,"1,0","2,0","3,0","4,0","5,0",,,,,,,,,,,,,,,,,,"4,0","4,0","2,0","4,0","4,0",,"4,0","4,0","5,0","2,0",,"5,0","4,0","5,0","4,0",,"4,0","4,0","1,0",,"5,0","4,0",,"5,0","5,0","1,0","1,0",,"4,0","4,0","5,0","4,0","4,0","4,0","4,0","4,0","4,0","5,0","5,0","5,0","4,0","4,0","5,0","4,0","2,0","2,0","5,0","3,0","4,0","5,0","4,0","3,0","-0,7204215620117375","0,5648875213581669","1,6495563845109784","-0,20169268982806327","1,473095768357806","-1,8238344960188624","0,04190907691177837","-0,1671671121779982","-0,27630956719450384","0,7376386364108102","1,950997979529154","-1,8807306380094773","-0,4048761139018375"
54,1753525224,2,32,1,,1,Gestão de Recursos Humanos,,,,,Faculdades Integradas de Jacarépagua,,,,,4,,2,,Administração,1,4,1,1,"1,0","3,0","2,0",,"2,0",,,,,,,,,,,,,,,,,,,,,"5,0","1,0","3,0","2,0","1,0",,"5,0","4,0","5,0","4,0",,"5,0","4,0","2,0","1,0",,"1,0","1,0","1,0",,"2,0","3,0",,"4,0","5,0","1,0","1,0",,"4,0","4,0","3,0","4,0","3,0","5,0","3,0","4,0","3,0","4,0","4,0","4,0","2,0","2,0","2,0","2,0","1,0","3,0","4,0","2,0","4,0","4,0","3,0","4,0","-0,46284938251964775","-1,0485431993626941","0,3569878353075393","-0,9201902184752364","0,3502487060213279","-1,9630011963832057","0,2605177817934804","-0,24685373628525473","-0,5633758610083475","-0,9598320053038896","0,4645453661553997","-2,5258891403012913","-0,41348972212242024"
55,1753497723,1,24,1,,2,NAO,,,,,,,,,,3,,2,,ADM,3,1,2,3,"1,0",,,,,,,"5,0",,,,,,,,,,,,,,,,,,"4,0","3,0","4,0","2,0","2,0",,"2,0","2,0","2,0","2,0",,"5,0","2,0","4,0","2,0",,"2,0","1,0","1,0",,"3,0","2,0",,"3,0","3,0","1,0","1,0",,"4,0","2,0","3,0","3,0","2,0","4,0","2,0","3,0","4,0","4,0","3,0","2,0","3,0","3,0","2,0","1,0","1,0","2,0","2,0","3,0","3,0","4,0","4,0","4,0","-2,975060614417857","0,22581073347363717","0,06680457504560551","-0,6806182208094752","-0,45268786410928796","-0,30927067761519855","-0,113625470278152","-2,8263520205654493","-0,7392592724109524","0,339130469624993","-0,15178467967556886","-0,299661139819904","-0,3740614339874229"
56,1752850439,2,31,1,,1,MBA em Hotelaria,,,,,UFJF,,,,,1,,2,,Admnistração,1,3,1,1,"1,0","3,0","2,0",,"2,0","3,0",,"5,0",,,,,,,,,,,,,,,,,,"4,0","3,0","4,0","3,0","1,0",,"3,0","4,0","4,0","3,0",,"3,0","3,0","3,0","3,0",,"3,0","1,0","1,0",,"3,0","2,0",,"3,0","3,0","1,0","1,0",,"3,0","3,0","3,0","3,0","4,0","4,0","3,0","3,0","4,0","3,0","3,0","3,0","3,0","4,0","3,0","3,0","3,0","3,0","3,0","3,0","3,0","4,0","4,0","4,0","-0,9181125716305524","-0,08448553568944091","-0,01541204893666791","-0,5973177914517092","-1,276993005037164","-0,3016500310894199","-0,2525080722916406","-1,4729090055871492","-0,6714827671245613","-0,2860578117943646","-0,242933850848222","-0,21142771994198675","0,42215467108680665"
57,1752704352,1,23,1,,1,,,,,,,,,,,1,,2,,"Administração - Empreendedorismo, Inovação, Estudos Organizacionais",2,2,2,2,"1,0","2,0","1,0","1,0",,"3,0",,,Estágio Docência,,,,,,,,,,,,,,,,,"5,0","3,0","4,0","4,0","4,0",,"3,0","4,0","3,0","2,0",,"5,0","4,0","3,0","3,0",,"4,0","3,0","1,0",,"4,0","3,0",,"2,0","5,0","1,0","1,0",,"5,0","3,0","5,0","5,0","5,0","4,0","4,0","5,0","4,0","5,0","4,0","5,0","4,0","4,0","5,0","4,0","2,0","2,0","5,0","3,0","5,0","3,0","4,0","4,0","-2,1722403398758403","1,0727437516883727","0,5479997624870102","-0,35246944687945564","0,6656507881625593","-0,3990461351367049","-0,47096095936830984","-1,7597263884003438","-0,321654910863765","1,2224074369979243","0,7715426720096791","-0,4811962650585249","-1,2097480310449846"
58,1752702094,2,24,1,,1,,,,,,,,,,,3,,2,,Marketing,3,1,1,2,"1,0","2,0","1,0","1,0","2,0","3,0","4,0",,,,,,,,,,,,,,,,,,,"5,0","4,0","5,0","5,0","4,0",,"5,0","4,0","5,0","4,0",,"5,0","4,0","4,0","5,0",,"4,0","4,0","1,0",,"3,0","3,0",,"2,0","3,0","1,0","1,0",,"4,0","4,0","4,0","3,0","4,0","4,0","5,0","4,0","4,0","4,0","4,0","3,0","4,0","4,0","3,0","4,0","3,0","2,0","4,0","4,0","3,0","3,0","3,0","4,0","-0,00311668827638142","0,7481959705060593","-0,8975245205709272","-0,2503722222896235","1,094110165130753","0,9736036242304053","-0,07202708599833176","0,3762083514149899","-0,08852326904983565","1,0086992904596335","-0,3174914840921071","0,836560762253583","-1,1702514470060645"
59,1752659842,1,24,1,,1,,,,,,,,,,,1,,2,,"Gestão estratégica, marketing e inovação",1,1,2,2,"1,0","2,0","1,0","1,0",,"3,0",,"5,0",,,,,,,,,,,,,,,,,,"3,0","4,0","3,0","4,0","5,0",,"5,0","3,0","4,0","3,0",,"5,0","4,0","4,0","5,0",,"2,0","4,0","1,0",,"5,0","5,0",,"5,0","4,0","3,0","2,0",,"4,0","4,0","4,0","3,0","5,0","5,0","4,0","5,0","4,0","5,0","4,0","3,0","4,0","4,0","4,0","4,0","4,0",,"4,0","5,0","4,0","5,0","4,0","4,0","-0,2522199984981042","-0,22592095495232872","1,1085201891919716","1,3972782269650272","1,0940033477934137","-0,9620301072510276","-0,22420347935644475","0,14444001829121927","1,3943933644659785","-0,16650625925556176","1,3706050056833379","-0,9912247863312429","-0,3980269723735885"
60,1752607831,2,50,3,,1,Gestão estratégica,Engenharia metalúrgica,,,,USP,USP,,,,1,,2,"Na verdade, fiz na UFBA mas o questionário exigia a marcação de uma alternativa: portanto, descartar UFLA",Administração,2,5,1,3,"1,0","3,0","3,0",,"2,0","3,0",,"5,0",,"2,0",,Administração,"1,0","3,0","2,0","1,0","1,0","3,0","3,0",,"2,0","3,0",,"5,0",,"5,0","3,0","4,0","2,0","1,0",,"4,0","4,0","3,0","2,0",,"4,0","4,0","2,0","4,0",,"1,0","1,0","1,0",,"4,0","2,0",,"2,0","2,0","1,0","1,0",,"2,0","4,0","4,0","2,0","3,0","3,0","2,0","2,0","4,0","2,0","2,0","2,0","3,0","2,0","2,0","2,0","4,0","4,0","2,0","2,0","2,0","2,0","2,0","4,0","0,1187472100529971","-0,09554576755231915","-1,3047821820412224","-0,32541015065434464","-0,6103301007918286","-1,3600464322167656","-0,43122200119802284","-0,13615035677847948","-0,26866440999542285","-0,3315774630012222","-1,5115769183226158","-1,3165707884392286","-0,19980098205023605"
61,1752487428,2,34,1,,2,Psicopedagogia,,,,,Unicid,,,,,2,,2,,"Gestão de Negócios, Economia e Mercados",1,1,1,2,"2,0","1,0","1,0","1,0","2,0","3,0","4,0",,,,,,,,,,,,,,,,,,,"2,0","4,0","5,0","2,0","1,0",,"5,0","5,0","2,0","3,3838383838383836",,"5,0","5,0","5,0","5,0",,"2,0","3,0","1,0",,"2,0","1,0",,"4,0","4,0","1,0","1,0",(participação como ouvinte era obrigatória - disciplina de seminários),"4,0","4,0","3,0","2,0","5,0","5,0","5,0","5,0","4,0","4,0","4,0","4,0","4,0","5,0","2,0","4,0","2,0","3,0","2,0","3,0","3,0","3,0","3,0","5,0",,,,,,,,"1,2799317691733538","-1,1486768964775051","-0,6641150198565894","-1,7002536019240324","0,6997563911451491","1,2868757504609178"
62,1752422091,2,26,1,,1,,,,,,,,,,,5,,2,,"Organizações, Gestão e Sociedade",1,3,1,3,"2,0","1,0","1,0","1,0","2,0","3,0",,,,,,,,,,,,,,,,,,,,"3,0","3,0","3,0","3,0","3,0",,"4,0","4,0","4,0","4,0",,"4,0","4,0","4,0","4,0",,"3,0","1,0","1,0",,"4,0","4,0",,"4,0","4,0","1,0","1,0",,"4,0","4,0","4,0","4,0","4,0","4,0","4,0","4,0","4,0","4,0","4,0","4,0","4,0","4,0","4,0","4,0","2,0","2,0","4,0","4,0","4,0","3,0","2,0","2,0","-0,13082915750210328","-0,2256221094146751","1,3454934888402887","-0,4936863295013846","-0,48731979926849356","-0,8660225570136446","-0,8258632901119665","-0,5394234784219873","-0,7628406951569011","-0,5353555263416039","1,3009404610048314","-0,6907911382163","0,2785456263155431"
63,1751683330,1,24,1,,1,Não,,,,,,,,,,1,,2,,Administração,2,1,2,3,,,,"1,0","2,0","3,0",,,,,,,,,,,,,,,,,,,,"3,0","3,0","5,0","5,0","4,0",,"5,0","5,0","5,0","4,0",,"5,0","5,0","5,0","5,0",,"3,0","2,0","1,0",,"4,0","1,0",,"4,0","4,0","1,0","1,0",,"3,0","4,0","5,0","3,0","3,0","4,0","4,0","3,0","4,0","4,0","3,0","3,0","2,0","3,0","3,0","3,0","4,0","3,0","3,0","4,0","2,0","2,0","3,0","4,0","1,0815876885354851","-0,3158418116558494","0,2561541720726154","-0,7061137050295065","0,3117209034349665","1,1796813972097115","-0,8238754248187701","1,0356063172796566","-0,8353863318890373","-0,48100931491817184","0,4924597545627842","1,288456998428962","-0,40276936262248303"
64,1750854874,1,44,1,,1,Gestão Empresarial,Gestão em Marketing,,,,UFU,UNITRI,,,,4,,3,,Mestrado em Administração - Linha Organização e Mudanças,2,5,1,3,,,,,"2,0",,"4,0","5,0",,,,,,,,,,,,,,,,,,"5,0","5,0","5,0","3,7551020408163267","4,0",,"5,0","5,0","5,0","5,0",,"5,0","5,0","5,0","5,0",,"2,8","5,0","1,5204081632653061",,"4,0","4,0",,"4,0","5,0","1,5252525252525253","1,5353535353535352",,"5,0","4,0","4,0","4,0","5,0","4,0","4,0","5,0","5,0","5,0","5,0","5,0","4,0","5,0","5,0","5,0",,"4,0","4,0","4,0","4,0","5,0","5,0","4,0",,,,,,,,"1,1718753625147784","-0,06561515358979551","1,025507219786387","0,5838110471573663","0,13163547258978694","0,2228761898958548"
65,1750840389,2,38,0,Tecnologia em Processamento de Dados,2,Administração,,,,,FUNDACE - USP - Ribeirão Preto,,,,,2,,3,,Mudança Organizacional,1,5,1,1,"2,0","3,0","3,0","1,0","2,0","3,0",,"5,0",,,,,,,,,,,,,,,,,,"2,0","3,0","4,0","4,0","2,0",,"4,0","4,0","4,0","4,0",,"4,0","2,0","3,0","4,0",,"2,0","2,0","2,0",,"3,0","2,0",,"3,0","3,0","1,0","1,0",,"4,0","4,0","3,0","3,0","4,0","4,0","3,0","4,0","4,0","5,0","4,0","5,0","5,0","5,0","4,0","4,0","5,0","4,0","4,0","5,0","5,0","4,0","4,0","3,0","-0,4931951424558395","-1,2765836982679217","0,12358210242097706","-0,5070272804520585","-0,7190524821395957","0,5394826688656233","0,6057836490089071","-0,6773630272616835","-0,39674405391393913","-1,238336112159256","0,05316048548525529","0,37580423361882037","0,5952669244228599"
66,1748958568,2,39,1,,1,,,,,,,,,,,1,,3,,Gestão Financeira e Controladoria,2,4,1,3,"1,0","3,0","2,0","1,0","2,0","3,0",,,,,,,,,,,,,,,,,,,,"2,0","3,0","5,0","5,0","3,0",,"3,0","4,0","4,0","3,0",,"4,0","2,0","3,0","3,0",,"2,0","1,0","1,0",,"3,0","3,0",,"3,0","4,0","1,0","1,0",,"4,0","4,0","4,0","4,0","4,0","4,0","4,0","4,0","4,0","4,0","4,0","4,0","3,0","4,0","4,0","4,0","4,0","4,0","4,0","2,0","3,0","4,0","4,0","4,0","-1,6077765609115966","-1,2048256204994492","0,9106669713718312","-0,17070485517788275","-0,6866021830518039","1,440406405983879","-0,7428852354737174","-1,8930178400180149","-0,28950476438881856","-1,322332478488657","1,063394970478656","1,5419651319689829","-0,410916230560976"
67,1748877707,1,43,5,,1,Comunicação Empresarial,Gestão de Projetos Comunicacionais,,,,Unitri Uberlândia,Universidade de São Paulo,,,,3,,3,,Administração,2,5,1,1,"2,0","1,0","2,0","1,0","2,0","3,0",,,"Grupo de estudos liderados pelo meu orientador, Congressos científicos",,,,,,,,,,,,,,,,,"3,0","3,0","5,0","5,0","4,0",Participação em congressos,"4,0","4,0","4,0","3,0",,"4,0","4,0","4,0","4,0",,"4,0","1,0","1,0",,"4,0","3,0",,"3,0","4,0","1,0","1,0",,"4,0","4,0","4,0","3,0","5,0","5,0","4,0","5,0","1,0","4,0","4,0","3,0","4,0","4,0","3,0","3,0","4,0","4,0","3,0","4,0","4,0","4,0","4,0","5,0","-0,5834378137389715","-0,00054061322474109","0,7809285077515937","-0,3035076627866059","-0,46647725387186995","1,1176574245064912","-1,1746538439971022","-0,9808524964206317","-0,5700835284422265","-0,2786514922747959","0,9476073744184933","1,4898706972716396","-0,405560942363514"
68,1748813015,2,43,0,Engenharia Eletrônica,1,Finanças e Gestão Empresarial,,,,,UFU,,,,,3,,3,,Finanças,2,5,1,3,,,,,,"3,0",,,,,,,,,,,,,,,,,,,,"1,0","1,0","1,0","1,0","1,0",,"3,0","3,0","3,0","1,0",,"3,0","1,0","1,0","2,0",,"2,0","1,0","1,0",,"3,0","1,0",,"1,0","4,0","1,0","1,0",,"3,0","3,0","2,0","2,0","3,0","2,0","3,0","3,0","1,0","3,0","2,0","3,0","3,0","3,0","3,0","3,0","1,0","1,0","3,0","3,0","3,0","3,0","3,0","1,0","-2,315104815893021","-1,6069562496079357","0,3083183098064874","-0,25681787231455033","-0,8865388202978977","-3,077667146212821","-0,1271142292842714","-2,5525609818111645","-0,22953337200090979","-1,7880047958734122","0,09143993401430059","-3,248941959404715","0,06519888076996974"
69,1748752219,1,48,5,,1,Finanças Empresariais,Comunicação Empresarial,Educação Física,,,UFU,UNITRI,UNIFRAN,,,1,,3,,Administração,2,4,2,3,"1,0","3,0","1,0","1,0","2,0","3,0",,,,,,,,,,,,,,,,,,,,"4,0","4,0","4,0","4,0","4,0",,"4,0","4,0","4,0","4,0",,"4,0","4,0","4,0","4,0",,"4,0","2,0","1,0",,"4,0","4,0",,"4,0","3,0","4,0","2,0",,"4,0","4,0","4,0","4,0","4,0","4,0","4,0","4,0","4,0","5,0","4,0","4,0","4,0","4,0","4,0","5,0","4,0","4,0","4,0","3,0","5,0","5,0","4,0","4,0","-0,2912517763197686","0,7186030109830963","0,5344243557150786","1,3810338984204982","-0,41617525073054495","-0,09211721808868732","-0,9457595930296813","-0,7467216736395725","1,2450339976838294","0,4691166442393599","0,6172711379964645","0,21635480449681416","-0,12609902127200262"
70,1748603325,2,36,1,,1,Gestão empresarial,,,,,,,,,,4,,3,,Administração,1,3,1,2,"2,0","1,0","1,0",,"2,0","3,0",,,,,,,,,,,,,,,,,,,,"1,0","1,0","3,0","2,0","1,0",,"4,0","4,0","4,0","2,0",,"4,0","4,0","3,0","3,0",,"1,0","1,0","1,0",,"3,0","2,0",,"1,0","2,0","1,0","1,0",,"3,0","3,0","2,0","3,0","2,0","3,0","3,0","3,0","3,0","3,0","3,0","3,0","4,0","4,0","4,0","4,0","3,0","4,0","3,0","3,0","2,0","2,0","4,0","1,0","-0,15900405412656266","-2,1834812152430296","-0,84362905087458","-0,22159002293993996","0,4042360463990156","-1,336893449982025","-0,8434055617833504","-0,06435907651415004","-0,12466822613661743","-2,326085339306752","-0,5464663050157086","-1,4607787815036974","-1,1448682307908304"
71,1748536228,1,48,1,,2,Controladoria,,,,,,,,,,1,,3,,administração,1,3,1,1,"1,0","3,0","4,0","1,0","2,0","3,0",,"5,0",,,,,,,,,,,,,,,,,,"5,0","5,0","5,0","5,0","5,0",,"4,0","4,0","5,0","5,0",,"5,0","5,0","5,0","4,0",,"5,0","1,0","1,0",,"5,0","3,0",,"3,0","5,0","1,0","1,0",,"4,0","5,0","5,0","3,0","5,0","5,0","4,0","5,0","4,0","4,0","5,0","3,0","4,0","4,0","3,0","5,0","5,0","5,0","3,0","5,0","5,0","3,0","3,0","5,0","-0,5818465666877685","1,747080694403763","1,3650959004242749","-0,7681244883227197","0,37664664199835135","1,044227319632481","-1,4742226004259558","-0,7340395117037162","-1,100009623280759","1,6489268343609924","1,7541186316274306","1,279205587513884","-0,9082325106121909"
72,1747130955,2,29,1,,2,,,,,,,,,,,3,,3,,Marketing,2,3,1,2,"2,0","1,0","1,0","1,0","2,0","3,0",,,,,,,,,,,,,,,,,,,,"3,0","3,0","4,0","4,0","1,0",,"5,0","5,0","5,0","2,0",,"5,0","5,0","4,0","4,0",,"1,0","1,0","1,0",,"4,0","3,0",,"2,0","2,0","1,0","1,0",,"4,0","4,0","3,0","2,0","4,0","3,0","3,0","4,0","4,0","4,0","4,0","4,0","2,0","4,0","3,0","2,0","4,0","5,0","3,0",,"3,0","4,0","3,0","3,0","1,3328834959007518","-1,4672689996958963","-1,0670307047851302","-0,10366347612573956","1,1662134322457203","-0,4883085587195518","-1,0820345734849377","1,5578361958803442","-0,01906600888903398","-1,5936182219634072","-0,5299318829755535","-0,45385656873583413","-1,5358595900149217"
73,1745170296,1,42,1,,1,Gestao de Marketing,,,,,UNITRI,,,,,1,,3,,Mestrado,1,3,1,2,"2,0","1,0","2,0",,"2,0",,,"5,0",,,,,,,,,,,,,,,,,,"4,0","4,0","4,0","5,0","4,0",,"5,0","5,0","5,0","5,0",,"5,0","5,0","5,0","5,0",,"3,0","1,0","1,0",,"5,0","5,0",,"3,0","5,0","1,0","1,0",,"4,0","4,0","5,0","4,0","5,0","4,0","4,0","5,0","4,0","5,0","5,0","4,0","3,0","4,0","3,0","4,0","4,0","3,0","4,0","3,0","3,0","3,0","3,0","4,0","0,9121937294233636","0,05591325240825992","1,5158330123390686","-0,4659960595602517","0,6787768173802473","0,40262946018665896","-1,5402984606634087","0,7990096350976587","-0,7391433888547911","-0,19477894513238964","1,9800092526536974","0,554046409303513","-0,8178445081295316"
74,1744654321,1,28,2,,1,MBA em Controladoria e Finanças,,,,,FACIC/UFU,,,,,1,,3,,Gestão Financeira e Controladoria,2,3,1,3,,,,"1,0","2,0","3,0",,,,,,,,,,,,,,,,,,,,"3,0","3,0","4,0","3,0","2,0",,"5,0","4,0","4,0","5,0",,"4,0","4,0","4,0","5,0",,"3,0","1,0","1,0",,"5,0","1,0",,"5,0","5,0","1,0","1,0",,"5,0","3,0","4,0","4,0","4,0","4,0","4,0","4,0","5,0","5,0","5,0","4,0","4,0","5,0","5,0","3,0","4,0","4,0","4,0","4,0","4,0","4,0","4,0","4,0","0,8767821126153955","-0,3017771605079186","1,272091930856723","-1,1947796079337116","-1,28133567596566","-0,01848324876007933","-0,3566606528540134","0,29540774097514283","-1,4494707574760277","-0,7377108343834757","0,7885899761088261","0,13957900579758103","1,3030106600104625"
75,1744306720,2,29,1,,1,MBA Comunicação e Marketing empresarial,,,,,Universidade de Rio Verde-GO,,,,,1,,3,,Administração,1,3,1,1,"1,0","3,0","3,0","1,0","2,0","3,0","4,0","5,0",,,,,,,,,,,,,,,,,,"5,0","3,0","4,0","3,0","3,0",,"4,0","5,0","5,0","4,0",,"5,0","5,0","3,0","3,0",,"4,0","4,0","1,0",,"5,0","2,0",,"3,0","1,0","1,0","1,0",,"3,0","4,0","5,0","4,0","5,0","5,0","5,0","5,0","4,0","5,0","5,0","5,0","4,0","4,0","5,0","5,0","4,0","5,0","5,0","5,0","5,0","5,0","4,0","5,0","-0,15783220173986579","0,7020646412218773","-0,7435804322866659","-0,46158563830819566","1,427895865467347","-1,1356963656250358","0,0633221875241204","0,38795410669634156","-0,12631846861395613","0,9754028945066595","-0,2831608874781101","-1,3987108767783338","-1,3863789832470124"
76,1744290253,1,35,1,,1,MBA em Gestão Empresarial,,,,,Fundação Getúlio Vargas,,,,,1,,3,,Mestrado em Administração,1,4,2,1,"1,0","3,0","3,0","1,0",,"3,0",,,,,,,,,,,,,,,,,,,,"5,0","5,0","5,0","4,0","4,0",,"4,0","4,0","4,0","5,0",,"4,0","5,0","4,0","4,0",,"4,0","3,0","1,0",,"4,0","1,0",,"4,0","4,0","4,0","2,0",,"4,0","4,0","4,0","3,0","4,0","4,0","4,0","4,0","4,0","4,0","4,0","4,0","4,0","5,0","4,0","4,0","4,0","3,0","3,0","4,0","4,0","4,0","3,0","5,0","-0,3227089908439149","1,7266893786089992","0,02457998672781737","0,7751710502504033","-0,594179438859135","0,6672332379127985","-0,48941434412657087","-0,6287993071831666","0,7226337862870633","1,6617395813108122","-0,12397133061961954","0,6919508767283241","0,16515234915012295"
77,1744048881,1,28,1,,1,,,,,,,,,,,3,,3,,Administração,2,2,2,3,,,,"1,0","2,0","3,0","4,0","5,0",,,,,,,,,,,,,,,,,,"5,0","5,0","5,0","5,0","5,0",,"5,0","5,0","5,0","5,0",,"5,0","5,0","5,0","5,0",,"3,0","3,0","3,0",,"3,0","1,0",,"3,0","1,0","1,0","1,0",,"4,0","4,0","5,0","4,0","4,0","4,0","4,0","4,0","4,0","4,0","4,0","4,0","5,0","4,0","4,0","4,0","5,0","5,0","4,0","2,0","4,0","4,0","4,0","4,0","1,265988363421923","1,1371716118944732","-1,483583187505356","-0,6286761786183211","0,3539591870742115","1,0250969672130141","0,8788186873828436","1,297429736651705","-0,4472409772854465","1,459404851466897","-1,2415618335796306","0,833967682590591","0,25964703076708395"
78,1744001367,2,29,0,PSICOLOGIA,1,educação a distancia,Metodologias e gestão de ead,,,,UCB,Educacional Anhanguera,,,,2,,3,,psicologia do trabalho,1,3,1,1,"2,0","2,0","2,0","1,0",,"3,0",,"5,0",,,,,,,,,,,,,,,,,,"3,0","3,0","4,0","2,0","1,0",,"5,0","3,0","4,0","2,0",,"4,0","4,0","4,0","3,0",,"2,0","3,0","3,0",,"5,0","2,0",,"5,0","3,0","1,0","1,0",,"3,0","4,0","4,0","2,0","4,0","3,0","3,0","4,0","5,0","5,0","3,0","5,0","5,0","3,0","4,0","5,0","3,0","5,0","3,0","4,0","3,0","5,0","3,0","5,0","0,120647915180455","-0,845383397928297","0,03997100596125465","-0,7250304962931458","-0,29183675402675135","-1,2807379010658295","2,064992330440429","0,31939223844979675","-0,4353305997118121","-0,6522483074650918","-0,45200015357545903","-1,471815891689884","1,6527859174089234"
79,1743959213,2,35,2,,1,,,,,,,,,,,0,Empresa de economia mista,3,,Administração,2,2,2,3,,,,"1,0",,,,,,,,,,,,,,,,,,,,,,"4,0","3,0","5,0","3,0","3,0",,"4,0","4,0","4,0","3,0",,"3,0","4,0","4,0","5,0",,"4,0","2,0","1,0",,"4,0","2,0",,"3,0","2,0","2,0","1,0",,"4,0","4,0","4,0","5,0","5,0","5,0","5,0","5,0","5,0","5,0","5,0","5,0","4,0","4,0","4,0","5,0","3,0","3,0","4,0","4,0","5,0","5,0","5,0","4,0","0,36005432204280075","0,479164982917515","-0,5607493997460198","0,02776796242067939","-1,167143819175858","0,21063469418530256","-0,5614201890068928","-0,32068104739233494","-0,14946590770492346","0,10924701023728041","-0,7445599002991666","0,6261212096960742","0,48923379174647835"
80,1743406771,2,45,1,,1,Especialização em RH,,,,,Faculdades Anhanguera,,,,,1,,3,Administração,Organização e mudança,1,5,1,1,"1,0","2,0","5,0",,"2,0","3,0","4,0",,,,,,,,,,,,,,,,,,,"2,0","1,0","3,0","3,0","3,0",,"4,0","5,0","4,0","4,0",,"4,0","4,0","4,0","4,0",,"1,0","1,0","1,0",,"4,0","1,0",,"1,0","4,0","1,0","1,0",,"4,0","4,0","3,0","4,0","4,0","5,0","4,0","5,0","5,0","4,0","4,0","5,0","3,0","5,0","4,0","4,0","3,0","3,0","4,0","4,0","4,0","4,0","4,0","4,0","0,14345222173712802","-1,523045970646482","0,36076276301218385","-0,7181428554447644","0,1648898926707406","-0,5636950911145281","-1,1580980411804873","0,11763074952698689","-0,7745729419354557","-1,7354741964877938","0,5837421051682767","-0,8053912353286418","-0,7929685853384474"
81,1743256982,1,32,3,,1,,,,,,,,,,,1,,3,,Administração,2,2,2,3,"1,0","3,0","1,0","1,0","2,0","3,0","4,0","5,0",,,,,,,,,,,,,,,,,,"4,0","5,0","5,0","5,0","1,0",,"5,0","5,0","5,0","4,0",,"5,0","5,0","5,0","5,0",,"1,0","5,0","1,0",,"5,0","5,0",,"4,0","3,0","1,0","1,0",,"4,0",,"5,0","3,0","5,0","3,0","4,0","4,0","3,0","3,0","3,0","3,0","3,0","3,0","3,0","3,0","5,0","5,0","3,0","5,0","5,0","5,0","3,0","5,0","1,1860702381424433","-0,913391866114081","-0,12153995474245649","-0,19777218860984302","1,6758216683816893","0,8790260361103613","0,37975986333205447","1,9893272200218046","0,06389984790796566","-0,5948151025608692","0,2837656237023711","0,5362172007885755","-0,800988574381452"
82,1743155899,2,36,1,,2,Tecnologia da Informação,,,,,Fundação Getúlio Vargas,,,,,3,,3,,Administração,1,5,1,1,"2,0","1,0","3,0","1,0","2,0","3,0",,,,,,,,,,,,,,,,,,,,"4,0","4,0","4,0","3,0","3,0",,"4,0","4,0","4,0","3,0",,"5,0","5,0","4,0","3,0",,"4,0","4,0","1,0",,"4,0","1,0",,"2,0","3,0","1,0","1,0",,"4,0","4,0","5,0","3,0","4,0","4,0","4,0","4,0","4,0","5,0","4,0","4,0","4,0","4,0","4,0","4,0","4,0","4,0","4,0","4,0","4,0","4,0","4,0","4,0","-0,8017692066874861","0,9967599805625438","-0,8002202128233746","-0,5963573975944543","1,1500080772337615","-0,6595713618934103","-0,04532970917534059","-0,22336934128212105","-0,44609987577951793","1,2874130395705952","-0,5328168851578234","-0,8864700135044872","-1,1460249234757167"
83,1743107566,2,28,1,,1,Educação,,,,,,,,,,4,,3,,Linha Organização e Mudança,2,3,2,2,"1,0","2,0","1,0","1,0",,"3,0",,,,,,,,,,,,,,,,,,,,"4,0","4,0","1,0","2,0","3,0",,"4,0","4,0","5,0","3,0",,"5,0","5,0","3,0","2,0",,"2,0","3,0","1,0",,"4,0","1,0",,"1,0","1,0","1,0","1,0",,"3,0","2,0","5,0","4,0","4,0","4,0","3,0","5,0","3,0","3,0","3,0","3,0","2,0","3,0","3,0","4,0","3,0","4,0","3,0","5,0","5,0","4,0","2,0","4,0","-0,6731762541048735","0,5255878736352898","-1,330141086906225","-0,22063054617465178","2,268733729690717","-3,4394827934186067","-0,3727391447017628","0,1417006747520842","0,06636619764818896","0,966948510945591","-0,6315764785757115","-4,035563592482129","-2,1373645452085595"
84,1743087524,1,56,1,,2,Gestão de Pessoas,,,,,Uniminas,,,,,1,,3,,Ciências Sociais Aplicada,1,3,1,1,"1,0","3,0","5,0","1,0","2,0","3,0",,,,,,,,,,,,,,,,,,,,"5,0","4,0","3,0","3,7551020408163267","1,0",,"5,0","5,0","5,0","4,0",,"5,0","5,0","4,0","5,0",,"1,0","5,0","1,0",,"5,0","1,0",,"2,0","5,0","1,0","1,0",,"4,0","4,0","4,0","3,0","4,0","3,0","3,0","3,0","3,0","5,0","3,0","4,0","4,0","4,0","4,0","4,0","4,0","4,0","5,0","5,0",,"3,0",,"4,0",,,,,,,,"1,7982023861154464","-0,46476628102413275","0,190768252291393","-0,13844906435802418","-1,798540849830749","-0,9719409990828647"
85,1742202432,1,35,3,,1,Gestao da produção,,,,,Uniminas,,,,,1,,3,,"Nao entendi a pergunta. Ja falei minha formação (graduacao economia), ja falei a area do mestrado (administração). Nao sei mais o que falar.... Mas se for relacionado a umas as areas especificas da administração, a formacao profissional, entao segue a resposta: docencia area de operações",1,3,1,1,"1,0","3,0","3,0","1,0","2,0","3,0",,"5,0",,,,,,,,,,,,,,,,,,"3,0","2,0","4,0","4,0","2,0",,"3,0","3,0","4,0","2,0",,"4,0","4,0","3,0","3,0",,"2,0","1,0","1,0","Nao tivemos estagio docencia, e nao realizamos nenhuma visita tecnica durante o curso de mestrado","3,0","2,0",,"3,0","4,0","4,0","3,0",,"5,0","5,0","5,0","3,0","4,0","4,0","3,0","4,0","4,0","4,0","4,0","3,0","2,0","3,0","3,0","2,0","3,0","4,0","2,0","2,0","3,0","3,0","3,0","4,0","-1,6519008646369002","-0,8573057740484838","0,05829402816080591","1,640819762358007","0,01286827558248043","0,04921180858990615","-0,9485628398521974","-1,637938874657491","1,7496522965121593","-0,9294543669556933","0,2662057474655544","0,0082659628213629","-1,0333558916288814"
86,1740371389,1,25,1,,1,MBA em Gerenciamento de Projetos,,,,,Universidade Federal de Uberlândia,,,,,1,,3,,Administração,2,2,2,3,,,,"1,0","2,0","3,0",,,,,,,,,,,,,,,,,,,,"4,0","4,0","4,0","4,0","4,0",,"4,0","4,0","5,0","3,0",,"5,0","4,0","4,0","4,0",,"2,0","1,0","1,0",obs: item estágio em docência e visita técnica seria nenhuma participação (ainda não realizei estágio docência),"4,0","3,0",,"3,0","4,0","5,0","3,0",,"4,0","3,0","4,0","4,0","4,0","4,0","3,0","4,0","3,0","4,0","4,0","4,0","4,0","4,0","4,0","3,0","1,0","3,0","4,0","4,0","4,0","5,0","4,0","4,0","-0,1971185185194648","0,08701495414539312","0,18020563628498193","2,23342447630153","0,545224753144541","-0,3563474705349293","-1,5486707818715324","-0,30676029260779447","2,202114702278578","-0,1108945469220336","0,609766190067341","-0,20632082820867426","-1,2244190863328177"
87,1740143336,1,28,1,,2,Marketing de Varejo,,,,,FGV,,,,,1,,3,,Administração - Organização e Mudança,2,4,1,3,,,,"1,0","2,0","3,0","4,0",,,,,,,,,,,,,,,,,,,"4,0","3,0","4,0","4,0","3,0",,"4,0","3,0","4,0","3,0",,"5,0","4,0","4,0","4,0",,"1,0","4,0","1,0",,"3,0","1,0",,"1,0","1,0","1,0","1,0",,"4,0","4,0","4,0","3,0","4,0","3,0","3,0","4,0","4,0","4,0","4,0","3,0","4,0","4,0","3,0","3,0","2,0","2,0","3,0","4,0","4,0","4,0","3,0","4,0","-0,9379819944002284","-0,38212076055612687","-1,9787424504391176","-0,22687128836658338","1,8172265438544613","0,22604947170309864","0,15542274375963866","0,03965741850836247","0,15260061975500305","0,18596840474040396","-1,3381312371415481","-0,3490610532354149","-1,9907455337166418"
88,1737792257,1,40,1,,2,Recursos Humanos,Gestão Empresarial,,,,UNA BH,FGV,,,,2,,3,,Administração,1,5,2,3,"2,0","1,0","3,0","1,0","2,0","3,0","4,0","5,0",,,,,,,,,,,,,,,,,,"4,0","5,0","5,0","4,0","4,0",,"4,0","4,0","5,0","4,0",,"4,0","4,0","4,0","4,0",,"3,0","4,0","3,0",,"4,0","2,0",,"3,0","3,0","1,0","2,0",,"4,0","4,0","4,0","4,0","4,0","4,0","4,0","4,0","4,0","4,0","4,0","4,0","4,0","4,0","4,0","4,0","4,0","4,0","4,0","4,0","4,0","4,0","4,0","4,0","-0,43307150478163103","0,6519893412799042","-0,2236753274353794","-0,11085430319345477","0,12718303161909572","0,5133741799950844","1,44875301491688","-0,24113634636468045","0,14084177673542095","1,0676464793036022","-0,18235691650220653","0,19096087995386285","0,678677119109759"
89,1733276479,1,27,3,,1,MBA em Gestão Empresarial,,,,,FGV - Fundação Getúlio Vargas,,,,,1,,3,,Administração,1,3,2,3,"1,0","3,0","2,0","1,0","2,0","3,0",,,,,,,,,,,,,,,,,,,,"5,0","4,0","5,0","2,0","1,0",,"5,0","4,0","3,0","4,0",,"5,0","4,0","4,0","4,0",,"4,0","3,0","1,0",,"3,0","1,0",,"2,0","1,0","1,0","1,0",,"4,0","4,0","4,0","3,0","4,0","4,0","4,0","4,0","4,0","4,0","4,0","4,0","4,0","4,0","3,0","4,0","4,0","5,0","4,0","4,0","4,0","4,0","3,0","5,0","0,6394681733776885","1,0356839897804129","-2,2978936209141034","-0,8750696074122195","-0,27607499189043594","-0,07334157811446931","0,3125345235301109","0,6025714997630062","-0,7149048506928053","1,0445282012562531","-2,4688744032954033","-0,008366881482222895","-0,07026606208542246"
90,1730380537,1,30,1,,2,Gestão Estratégica de Pessoas,,,,,Faculdade de Gestão e Negócio/UFU,,,,,4,,3,,Administração,3,4,1,3,,,,"1,0",,"3,0","4,0",,,,,,,,,,,,,,,,,,,"5,0","4,0","5,0","4,0","1,0",,"5,0","3,0","5,0","3,0",,"5,0","5,0","5,0","5,0",,"2,0","4,0","1,0",,"3,0","1,0",,"2,0","5,0","1,0","1,0",,"4,0","4,0","4,0","3,0","3,0","4,0","3,0","3,0","4,0","4,0","4,0","3,0","4,0","4,0","3,0","4,0","4,0","3,0","3,0","4,0","4,0","4,0","4,0","4,0","0,07655166406443578","0,07449582115546238","-1,1902667315434707","-0,8750833083345138","1,3714909243595357","0,8165811087031132","0,4245180957722634","0,9142503114025201","-0,6169701489278682","0,4834173031129364","-0,8854715462464754","0,33093516997209865","-0,9308447802428279"
91,1723642972,1,29,1,,1,,,,,,,,,,,1,,3,,Estratégia e Mudança Organizacional,2,2,2,2,"1,0","3,0","2,0","1,0","2,0","3,0",,"5,0",,,,,,,,,,,,,,,,,,"4,0","3,0","5,0","4,0","2,0",,"5,0","4,0","4,0","3,0",,"5,0","4,0","4,0","4,1020408163265305",,"4,0","2,0","1,0",,"3,0","2,0",,"1,0","2,0","2,0","1,0",,"4,0","3,0","4,0","2,0","4,0","4,0","4,0","5,0","4,0","5,0","4,0","3,0","2,0","2,0","2,0","1,0","2,0","2,0","2,0","5,0","4,0","3,0","3,0","4,0",,,,,,,,"0,3274796574315887","0,09733501183770826","0,0579740500959772","-1,2856054374357118","0,7721368680868076","-1,3078485371923176"
92,1721941019,1,31,1,,1,marketing,,,,,ufu,,,,,1,,3,,estrategia e mudança organizacional,2,3,2,3,"1,0","3,0","2,0","1,0","2,0","3,0",,,,,,,,,,,,,,,,,,,,"3,0","4,0","5,0","5,0","3,0",,"5,0","5,0","5,0","4,0",,"4,0","4,0","4,0","4,0",,"2,0","4,0","1,0",,"4,0","5,0",,"5,0","3,0","3,0","4,0",,"4,0","5,0","4,0","5,0","5,0","4,0","4,0","4,0","5,0","5,0","5,0","4,0","4,0","4,0","5,0","4,0","3,0","4,0","4,0","4,0","4,0","4,0","3,0","4,0","0,7448414414268806","-0,9563161780417722","0,2928547186458069","2,0661110335928172","0,28234246634835203","0,7630926148746908","-0,00912197270485725","0,7356964760023676","2,2750953082223537","-0,9866906121372577","0,5208698986982255","0,7610321329473705","-0,05506351092170924"
93,1721746024,1,27,1,,2,,,,,,,,,,,0,2 destinos: Instituição de ensino particular e administração pública,3,,Mercado e cadeia de abastecimento,2,2,2,3,"2,0","2,0","1,0","1,0","2,0","3,0",,,,,,,,,,,,,,,,,,,,"3,0","3,0","5,0","3,0","1,0",,"5,0","5,0","4,0","3,0",,"5,0","5,0","4,0","5,0",,"3,0","2,0","1,0",,"4,0","4,0",,"3,0","1,0","1,0","1,0",,"3,0","4,0","4,0","2,0","4,0","4,0","2,0","4,0","3,0","3,0","4,0","4,0","4,0","4,0","3,0","1,0","2,0","1,0","3,0","4,0","3,0","2,0","2,0","3,0","1,663161437946385","-0,778622296325365","-1,130123826679463","-0,2279457403063958","0,2735949444733209","0,03489543333772215","-0,6930265798186916","1,5566847246209548","-0,214807809521131","-1,0680797129839392","-0,9509966330022418","0,3877257383741714","-0,595856304670632"
94,1721343675,2,29,1,,2,MBA em Finanças Empresariais,,,,,CESUC - Centro de Ensino Superior de Catalão,,,,,2,,3,,ADMINISTRAÇÃO (CONTROLADORIA E FINANÇAS),1,3,1,1,"2,0","1,0","3,0",,"2,0","3,0",,,,,,,,,,,,,,,,,,,,"5,0","4,0","5,0","5,0","4,0",,"5,0","5,0","5,0","5,0",,"4,0","5,0","5,0","5,0",,"3,0","1,0","1,0",,"3,0","1,0",,"4,0","5,0","1,0","1,0",,"5,0","4,0","5,0","4,0","5,0","5,0","5,0","5,0","4,0","5,0","5,0","4,0","4,0","5,0","5,0","4,0","3,0","5,0","4,0","4,0","5,0","5,0","4,0","5,0","1,2317672996195304","0,7966753199300587","0,33533535079370475","-0,9800663771406968","-0,9043929969341928","1,2591624646961133","-0,8509946500492241","0,5951948298771006","-1,263839230736274","0,4912643204386882","0,25932858388821045","1,3887102047657678","0,5614263619757883"
95,1721249436,2,30,1,,1,Ciências Sociais Aplicadas (Direito),,,,,Uniube,,,,,1,,3,,Ciências Sociais Aplicadas (DIreito e Administração),2,1,1,3,,,,,"2,0","3,0",,,,,,,,,,,,,,,,,,,,"4,0","4,0","5,0","3,0","1,0",,"4,0","4,0","3,0","3,0",,"4,0","4,0","4,0","4,1020408163265305",,"1,0","1,0","1,0",,"5,0","3,0",,"1,0","1,0","1,0","1,0",,"3,0","4,0","4,0","4,0","4,0","4,0","3,0","4,0","4,0","4,0","4,0","4,0","4,0","4,0","4,0","4,0","4,0","2,0","4,0","3,0","3,0","4,0","4,0","4,0",,,,,,,,"0,18730747968500897","-0,30708391113285216","-0,5920159895825494","-1,1825040813023289","0,38102683233148554","-0,7645462067875932"
96,1721180721,1,39,2,,1,Contabilidade e Controladoria,,,,,UFU,,,,,1,,3,,Finanças e controladoria,1,5,1,1,"1,0","3,0","3,0","1,0","2,0","3,0",,,,,,,,,,,,,,,,,,,,"3,0","3,0","5,0","3,0","1,0",,"3,0","3,0","1,0","3,0",,"3,0","3,0","3,0","3,0",,"1,0","1,0","1,0",,"4,0","1,0",,"3,0","3,0","2,0","2,0",,"4,0","4,0","3,0","4,0","3,0","3,0","3,0","3,0","4,0","4,0","4,0","4,0","3,0","3,0","4,0","4,0","2,0","3,0","4,0","2,0","4,0","3,0","3,0","3,0","-1,4633685565559609","-0,5254721375933363","-0,2096612464773215","0,07674346432092902","-2,08558325978518","0,8397784596224455","-0,2451709153804495","-1,9989589790646094","-0,007926824517148795","-0,7908080029149325","-0,936937801395105","0,9368682381822377","0,8377706606373652"
97,1720943218,2,48,1,,1,Administração,Teologia,Psicologia,,,FGV,Católica de Uberlândia,FATEP,,,3,,3,,MATEMÁTICA,1,5,1,1,"2,0","1,0","3,0","1,0","2,0","3,0",,"5,0",,,,,,,,,,,,,,,,,,"2,0","4,0","4,0","2,0","3,0",,"4,0","4,0","4,0","4,0",,"4,0","4,0","4,0","4,0",,"3,0","1,0","1,0",,"4,0","3,0",,"4,0","4,0","2,0","2,0",,"4,0","4,0","4,0","4,0","4,0","4,0","4,0","4,0","4,0","5,0","4,0","4,0","4,0","5,0","4,0","4,0","4,0","4,0","4,0","4,0","4,0","4,0","4,0","4,0","0,17556297296326875","-0,08579582551312867","0,9512660250180561","0,2570790824771806","-1,0640351730469244","-0,5856447734917046","-0,99164140271196","-0,49970427827009667","-0,07243859394969648","-0,5492343412766606","0,6968605809830717","-0,2246243852462017","0,6703666712888734"
98,1719277542,2,24,1,,1,,,,,,,,,,,3,,3,,Gestão Financeira e Controladoria,3,1,1,3,,,,"1,0","2,0",,"4,0",,,,,,,,,,,,,,,,,,,"4,0","3,0","4,0","3,0","3,0",,"4,0","4,0","4,0","3,0",,"3,0","4,0","4,0","4,0",,"3,0","3,0","1,0",,"4,0","2,0",,"1,0","4,0","1,0","1,0",,"3,0","4,0","4,0","2,0","4,0","3,0","3,0","4,0","4,0","4,0","3,0","3,0","3,0","4,0","4,0","4,0","3,0","2,0","4,0","4,0","4,0","3,0","3,0","3,0","-0,5020311101759019","0,2730203738681868","-0,2008598086315606","-0,44730562540619884","-0,16108013539596439","-0,3974835217088314","-0,3036019232452843","-0,571864958564072","-0,4781435978038642","0,23578231418330306","-0,16049098641931364","-0,5090267799302962","-0,19772006400966335"
99,1719259306,2,30,0,Engenharia,1,Finanças,,,,,UFU,,,,,3,,3,,Mestrado em Administração com ênfase em Finanças (cursando),2,4,1,2,"1,0","2,0","1,0","1,0","2,0","3,0",,,,,,,,,,,,,,,,,,,,"5,0","5,0","4,0","4,0","4,0",,"4,0","4,0","5,0","5,0",,"5,0","3,0","4,0","5,0",,"4,0","4,0","1,0",,"3,0","1,0",,"1,0","4,0","1,0","1,0",,"4,0","5,0","4,0","4,0","5,0","5,0","4,0","5,0","4,0","4,0","5,0","5,0","3,0","5,0","5,0","4,0","4,0","5,0","5,0","4,0","5,0","5,0","5,0","4,0","-0,7398579675413417","1,423500887210302","-0,6024895471709771","-0,6914424752701341","0,8594995209906758","0,3801319415557128","-0,02816858571453308","-0,36907947258765206","-0,6017045387164536","1,7624594094743171","-0,163927968808517","0,022886106354896497","-0,9440544176689365"
100,1718957438,1,30,1,,1,,,,,,,,,,,1,,3,,Administração,2,2,1,2,"2,0","1,0","1,0","1,0","2,0","3,0","4,0",,,,,,,,,,,,,,,,,,,"3,0","3,0","4,0","5,0","2,0",,"3,0","4,0","4,0","3,0",,"4,0","3,0","3,0","3,0",,"3,0","4,0","1,0",,"3,0","3,0",,"2,0","2,0","1,0","1,0",,"4,0","4,0","4,0","4,0","5,0","4,0","3,0","4,0","5,0","4,0","5,0","3,0","3,0","4,0","5,0","4,0","2,0","2,0","3,0","5,0","4,0","2,0","2,0","2,0","-1,7906146135443555","-0,6613707075127773","-0,45363196185138394","-0,0674710129315565","0,8392102384207548","0,6261826349897006","0,19867778335920433","-1,2624914298311172","0,216451090182185","-0,2693084985117778","0,02075129454790811","0,28730365547685877","-1,314906290023479"
101,1718925338,2,30,1,,2,Economia,,,,,UFU,,,,,0,A pergunta precisa ser mais específica,3,,Administração,1,3,1,1,"1,0","2,0","2,0","1,0","2,0","3,0",,"5,0",Atividades de consultoria técnica na área de ADM.,,,,,,,,,,,,,,,,,"2,0","2,0","5,0","3,0","2,0",,"4,0","4,0","4,0","3,0",,"4,0","2,0","2,0","4,0",,"1,0","1,0","1,0",,"4,0","1,0",,"2,0","1,0","1,0","1,0",,"2,0","4,0","3,0","4,0","4,0","4,0","1,0","4,0","4,0","4,0","4,0","1,0","2,0","4,0","1,0","4,0","4,0","4,0","2,0","2,0","2,0","3,0","2,0","3,0","-0,12394576446812926","-1,7260526791701158","-0,9669064486031933","-0,1854442809013893","-0,665315035962027","0,3305962528421772","-0,48625877751272184","-0,4295092993294559","-0,09261637937262679","-1,9454058200918598","-0,892474871476116","0,40863685561738133","-0,449113479389926"
102,1718925186,2,31,1,,2,Ciências Empresariais,,,,,Universidade Luterana do Brasil,,,,,0,Instituição de ensino particular e Empresa Privada,3,,Gestão Financeira e Controladoria,1,3,1,1,"2,0","1,0","3,0",,"2,0","3,0",,,,,,,,,,,,,,,,,,,,"4,0","4,0","5,0","1,0","1,0",,"4,0","4,0","2,0","3,0",,"4,0","4,0","4,0","4,0",,"2,0","1,0","1,0",,"2,0","2,0",,"3,0","1,0","1,0","1,0",,"2,0","4,0","4,0","2,0","4,0","3,0","3,0","4,0","4,0","4,0","4,0","3,0","1,0","3,0","2,0","2,0","4,0","4,0","3,0","2,0","3,0","4,0","4,0","4,0","0,7307035545696047","0,4448553570772291","-1,830426224911813","-0,6186883803264863","-1,9051668641478554","-0,2708172255817689","-0,29708210854510164","-0,0789939244282008","-0,8165037424126331","0,021588787208678854","-2,479991450500839","0,14141999696904098","1,0541773836050097"
